[{"pk": 14, "model": "contenttypes.contenttype", "fields": {"model": "tree", "name": "Site Tree", "app_label": "sitetree"}}, {"pk": 15, "model": "contenttypes.contenttype", "fields": {"model": "treeitem", "name": "Site Tree Item", "app_label": "sitetree"}}, {"pk": 8, "model": "contenttypes.contenttype", "fields": {"model": "tag", "name": "Tag", "app_label": "taggit"}}, {"pk": 9, "model": "contenttypes.contenttype", "fields": {"model": "taggeditem", "name": "Tagged Item", "app_label": "taggit"}}, {"pk": 16, "model": "contenttypes.contenttype", "fields": {"model": "account", "name": "account", "app_label": "account"}}, {"pk": 21, "model": "contenttypes.contenttype", "fields": {"model": "accountdeletion", "name": "account deletion", "app_label": "account"}}, {"pk": 35, "model": "contenttypes.contenttype", "fields": {"model": "additionalspeaker", "name": "additional speaker", "app_label": "proposals"}}, {"pk": 24, "model": "contenttypes.contenttype", "fields": {"model": "benefit", "name": "benefit", "app_label": "sponsorship"}}, {"pk": 25, "model": "contenttypes.contenttype", "fields": {"model": "benefitlevel", "name": "benefit level", "app_label": "sponsorship"}}, {"pk": 31, "model": "contenttypes.contenttype", "fields": {"model": "box", "name": "box", "app_label": "boxes"}}, {"pk": 47, "model": "contenttypes.contenttype", "fields": {"model": "comment", "name": "comment", "app_label": "reviews"}}, {"pk": 27, "model": "contenttypes.contenttype", "fields": {"model": "conference", "name": "conference", "app_label": "conference"}}, {"pk": 5, "model": "contenttypes.contenttype", "fields": {"model": "contenttype", "name": "content type", "app_label": "contenttypes"}}, {"pk": 51, "model": "contenttypes.contenttype", "fields": {"model": "day", "name": "day", "app_label": "schedule"}}, {"pk": 19, "model": "contenttypes.contenttype", "fields": {"model": "emailaddress", "name": "email address", "app_label": "account"}}, {"pk": 20, "model": "contenttypes.contenttype", "fields": {"model": "emailconfirmation", "name": "email confirmation", "app_label": "account"}}, {"pk": 30, "model": "contenttypes.contenttype", "fields": {"model": "file", "name": "file", "app_label": "cms"}}, {"pk": 3, "model": "contenttypes.contenttype", "fields": {"model": "group", "name": "group", "app_label": "auth"}}, {"pk": 45, "model": "contenttypes.contenttype", "fields": {"model": "latestvote", "name": "latest vote", "app_label": "reviews"}}, {"pk": 1, "model": "contenttypes.contenttype", "fields": {"model": "logentry", "name": "log entry", "app_label": "admin"}}, {"pk": 41, "model": "contenttypes.contenttype", "fields": {"model": "membership", "name": "membership", "app_label": "teams"}}, {"pk": 48, "model": "contenttypes.contenttype", "fields": {"model": "notificationtemplate", "name": "notification template", "app_label": "reviews"}}, {"pk": 29, "model": "contenttypes.contenttype", "fields": {"model": "page", "name": "page", "app_label": "cms"}}, {"pk": 2, "model": "contenttypes.contenttype", "fields": {"model": "permission", "name": "permission", "app_label": "auth"}}, {"pk": 56, "model": "contenttypes.contenttype", "fields": {"model": "presentation", "name": "presentation", "app_label": "schedule"}}, {"pk": 34, "model": "contenttypes.contenttype", "fields": {"model": "proposalbase", "name": "proposal base", "app_label": "proposals"}}, {"pk": 33, "model": "contenttypes.contenttype", "fields": {"model": "proposalkind", "name": "proposal kind", "app_label": "proposals"}}, {"pk": 43, "model": "contenttypes.contenttype", "fields": {"model": "proposalmessage", "name": "proposal message", "app_label": "reviews"}}, {"pk": 46, "model": "contenttypes.contenttype", "fields": {"model": "proposalresult", "name": "proposal result", "app_label": "reviews"}}, {"pk": 32, "model": "contenttypes.contenttype", "fields": {"model": "proposalsection", "name": "proposal section", "app_label": "proposals"}}, {"pk": 49, "model": "contenttypes.contenttype", "fields": {"model": "resultnotification", "name": "result notification", "app_label": "reviews"}}, {"pk": 44, "model": "contenttypes.contenttype", "fields": {"model": "review", "name": "review", "app_label": "reviews"}}, {"pk": 42, "model": "contenttypes.contenttype", "fields": {"model": "reviewassignment", "name": "review assignment", "app_label": "reviews"}}, {"pk": 10, "model": "contenttypes.contenttype", "fields": {"model": "revision", "name": "revision", "app_label": "reversion"}}, {"pk": 52, "model": "contenttypes.contenttype", "fields": {"model": "room", "name": "room", "app_label": "schedule"}}, {"pk": 50, "model": "contenttypes.contenttype", "fields": {"model": "schedule", "name": "schedule", "app_label": "schedule"}}, {"pk": 28, "model": "contenttypes.contenttype", "fields": {"model": "section", "name": "section", "app_label": "conference"}}, {"pk": 6, "model": "contenttypes.contenttype", "fields": {"model": "session", "name": "session", "app_label": "sessions"}}, {"pk": 17, "model": "contenttypes.contenttype", "fields": {"model": "signupcode", "name": "signup code", "app_label": "account"}}, {"pk": 18, "model": "contenttypes.contenttype", "fields": {"model": "signupcoderesult", "name": "signup code result", "app_label": "account"}}, {"pk": 7, "model": "contenttypes.contenttype", "fields": {"model": "site", "name": "site", "app_label": "sites"}}, {"pk": 54, "model": "contenttypes.contenttype", "fields": {"model": "slot", "name": "slot", "app_label": "schedule"}}, {"pk": 53, "model": "contenttypes.contenttype", "fields": {"model": "slotkind", "name": "slot kind", "app_label": "schedule"}}, {"pk": 55, "model": "contenttypes.contenttype", "fields": {"model": "slotroom", "name": "slot room", "app_label": "schedule"}}, {"pk": 12, "model": "contenttypes.contenttype", "fields": {"model": "source", "name": "source", "app_label": "easy_thumbnails"}}, {"pk": 39, "model": "contenttypes.contenttype", "fields": {"model": "speaker", "name": "speaker", "app_label": "speakers"}}, {"pk": 23, "model": "contenttypes.contenttype", "fields": {"model": "sponsor", "name": "sponsor", "app_label": "sponsorship"}}, {"pk": 26, "model": "contenttypes.contenttype", "fields": {"model": "sponsorbenefit", "name": "sponsor benefit", "app_label": "sponsorship"}}, {"pk": 22, "model": "contenttypes.contenttype", "fields": {"model": "sponsorlevel", "name": "sponsor level", "app_label": "sponsorship"}}, {"pk": 36, "model": "contenttypes.contenttype", "fields": {"model": "supportingdocument", "name": "supporting document", "app_label": "proposals"}}, {"pk": 37, "model": "contenttypes.contenttype", "fields": {"model": "talkproposal", "name": "talk proposal", "app_label": "proposals"}}, {"pk": 40, "model": "contenttypes.contenttype", "fields": {"model": "team", "name": "team", "app_label": "teams"}}, {"pk": 13, "model": "contenttypes.contenttype", "fields": {"model": "thumbnail", "name": "thumbnail", "app_label": "easy_thumbnails"}}, {"pk": 38, "model": "contenttypes.contenttype", "fields": {"model": "tutorialproposal", "name": "tutorial proposal", "app_label": "proposals"}}, {"pk": 4, "model": "contenttypes.contenttype", "fields": {"model": "user", "name": "user", "app_label": "auth"}}, {"pk": 11, "model": "contenttypes.contenttype", "fields": {"model": "version", "name": "version", "app_label": "reversion"}}, {"pk": "1c8eeaa1bbf9bb18b341595b6504c429", "model": "sessions.session", "fields": {"expire_date": "2013-12-25T20:48:18.438", "session_data": "MWVlNTRmOTVmMTU5ZWM3MjY1ZDQ2MGJmMTJlODg5MjZmMzBhMmMzNjqAAn1xAShVD19zZXNzaW9u\nX2V4cGlyeXECSwBVEl9hdXRoX3VzZXJfYmFja2VuZHEDVTBhY2NvdW50LmF1dGhfYmFja2VuZHMu\nRW1haWxBdXRoZW50aWNhdGlvbkJhY2tlbmRxBFUNX2F1dGhfdXNlcl9pZHEFSwF1Lg==\n"}}, {"pk": "0761081ec6dc745cd2b6573a2af57ff8", "model": "sessions.session", "fields": {"expire_date": "2013-12-29T15:50:01.836", "session_data": "OTRkOWY2YTBjMWVhMTgxYWNhNTVlZjE1YTljNzUxZDVhNGQwNzU5ZDqAAn1xAS4=\n"}}, {"pk": 2, "model": "sites.site", "fields": {"domain": "congrefor.univasf.edu.br", "name": "II CONGREFOR"}}, {"pk": 1, "model": "sites.site", "fields": {"domain": "localhost", "name": "II CONGREFOR [local]"}}, {"pk": 1, "model": "reversion.version", "fields": {"format": "json", "object_repr": "Organiza\u00e7\u00e3o", "object_id": "1", "content_type": 29, "object_id_int": 1, "type": 0, "serialized_data": "[{\"pk\": 1, \"model\": \"cms.page\", \"fields\": {\"body\": \"**Coordena\\u00e7\\u00e3o Geral do Evento**\\r\\n\\r\\nBarbara Eleonora Bezerra Cabral\\r\\n\\r\\n\\r\\n\\r\\n**Comiss\\u00e3o de Comunica\\u00e7\\u00e3o e Mobiliza\\u00e7\\u00e3o**\\r\\n\\r\\nAna Dulce\\r\\n\\r\\nJo\\u00e3o Alves\\r\\n\\r\\nRicardo Lima\\r\\n\\r\\n**Comiss\\u00e3o Cient\\u00edfica**\\r\\n\\r\\nLucimara Ara\\u00fajo Campos Alexandre\\r\\n\\r\\nAudimar de Sousa Alves\\r\\n\\r\\nRafaela Santos de Melo\\r\\n\\r\\nS\\u00edlvia Raquel Santos de Morais\\r\\n\\r\\n\\r\\n\\r\\n**Secretaria**\\r\\n\\r\\nGl\\u00f3ria Coelho (Coordenadora)\\r\\n\\r\\nJuliana Korinfsky\\r\\n\\r\\nAna Dulce\\r\\n\\r\\n**Comiss\\u00e3o Cultural**\\r\\n\\r\\nSued Sheila Sarmento (Coordenadora)\\r\\n\\r\\nF\\u00e1tima Brand\\u00e3o\\r\\n\\r\\nM\\u00f4nica Cec\\u00edlia\\r\\n\\r\\n\\r\\n\\r\\n**Comiss\\u00e3o Financeira**\\r\\n\\r\\nK\\u00e1tia Simoni Bezerra Lima (Coordenadora)\\r\\n\\r\\nSusanne Pinheiro Costa e Silva\", \"status\": 2, \"updated\": \"2013-12-15T10:38:44.684\", \"created\": \"2013-12-15T10:38:44.619\", \"_body_rendered\": \"<p><strong>Coordena\\u00e7\\u00e3o Geral do Evento</strong></p>\\n<p>Barbara Eleonora Bezerra Cabral</p>\\n<p><strong>Comiss\\u00e3o de Comunica\\u00e7\\u00e3o e Mobiliza\\u00e7\\u00e3o</strong></p>\\n<p>Ana Dulce</p>\\n<p>Jo\\u00e3o Alves</p>\\n<p>Ricardo Lima</p>\\n<p><strong>Comiss\\u00e3o Cient\\u00edfica</strong></p>\\n<p>Lucimara Ara\\u00fajo Campos Alexandre</p>\\n<p>Audimar de Sousa Alves</p>\\n<p>Rafaela Santos de Melo</p>\\n<p>S\\u00edlvia Raquel Santos de Morais</p>\\n<p><strong>Secretaria</strong></p>\\n<p>Gl\\u00f3ria Coelho (Coordenadora)</p>\\n<p>Juliana Korinfsky</p>\\n<p>Ana Dulce</p>\\n<p><strong>Comiss\\u00e3o Cultural</strong></p>\\n<p>Sued Sheila Sarmento (Coordenadora)</p>\\n<p>F\\u00e1tima Brand\\u00e3o</p>\\n<p>M\\u00f4nica Cec\\u00edlia</p>\\n<p><strong>Comiss\\u00e3o Financeira</strong></p>\\n<p>K\\u00e1tia Simoni Bezerra Lima (Coordenadora)</p>\\n<p>Susanne Pinheiro Costa e Silva</p>\", \"title\": \"Organiza\\u00e7\\u00e3o\", \"publish_date\": \"2013-12-15T10:38:21\", \"path\": \"organization/\"}}]", "revision": 1}}, {"pk": 2, "model": "reversion.version", "fields": {"format": "json", "object_repr": "Programa\u00e7\u00e3o", "object_id": "2", "content_type": 29, "object_id_int": 2, "type": 0, "serialized_data": "[{\"pk\": 2, \"model\": \"cms.page\", \"fields\": {\"body\": \"Programa\\u00e7\\u00e3o Completa AQUI! \\r\\n\\r\\nData e hora de apresenta\\u00e7\\u00e3o dos trabalhos\\r\\n\\r\\n01 de Setembro de 2011 (quinta-feira)\\r\\n8:00 \\u00e0s 12:30\\r\\nCredenciamento\\r\\n\\r\\n12:30 \\u00e0s 13:30\\r\\nIntervalo para almo\\u00e7o\\r\\n\\r\\n13:30 \\u00e0s 14:00 \\r\\nAtividade cultural\\r\\n\\r\\n14:00 \\u00e0s 14:30\\r\\nMesa de abertura\\r\\n\\r\\n14:30 \\u00e0s 16:00\\r\\nConfer\\u00eancia Inaugural Forma\\u00e7\\u00e3o para o SUS: que inova\\u00e7\\u00f5es e perspectivas?\\r\\nSigisfredo Brenelli (DEGES/SGETS/MS)\\r\\n\\r\\n16:00 \\u00e0s 16:30\\r\\nCaf\\u00e9 com prosa\\r\\n\\r\\n16:30 \\u00e0s 18:30\\r\\nGrande Roda 1 / Sa\\u00fade da Fam\\u00edlia: Os desafios e possibilidades da aten\\u00e7\\u00e3o integral no cotidiano de trabalho das Equipes de Sa\\u00fade da Fam\\u00edlia\\r\\nF\\u00e1tima Oliver \\u2013 Coordenadora do PET-Sa\\u00fade da USP\\r\\n\\r\\nRoseni Pinheiro \\u2013 UERJ\\r\\n18:30 \\u00e0s 19:30\\r\\nCoquetel\\r\\n\\r\\n\\r\\n\\r\\n\\r\\n\\r\\n02 de Setembro de 2011\\r\\n08:00 \\u00e0s 10:00\\r\\nCiranda Petiana 01\\r\\nTema: Sa\\u00fade mental: cuidado, territ\\u00f3rio e pluralidade nas estrat\\u00e9gias na aten\\u00e7\\u00e3o b\\u00e1sica\\r\\nRespons\\u00e1veis:\\r\\nAlessia Silva Fontenelle (Colegiado de Psicologia)\\r\\nAlice Chaves de Carvalho Gomes (Colegiado de Psicologia) Renata Guerda (Mestranda UFAL) \\r\\nCiranda Petiana 02\\r\\nTema: Sa\\u00fade da Crian\\u00e7a\\r\\nRespons\\u00e1veis:\\r\\nKamila Juliana da Silva Santos (Colegiado de Enfermagem)\\r\\nMargaret Olinda de Souza Carvalho e Lira (Colegiado de Enfermagem)\\r\\nGl\\u00f3ria Maria Pinto Coelho (Colegiado de Enfermagem)\\r\\nDarlindo Ferreira de Lima (Colegiado de Psicologia)\\r\\n\\r\\nCiranda Petiana 03\\r\\nTema: Doen\\u00e7as emergentes e reemergentes na regi\\u00e3o do Vale do S\\u00e3o Francisco\\r\\nRespons\\u00e1veis:\\r\\nJo\\u00e3o Alves do Nascimento J\\u00fanior (Colegiado de Medicina Veterin\\u00e1ria)\\r\\nMichelle Christini Ara\\u00fajo Mascarenha (Colegiado de Enfermagem)\\r\\nSusane Pinheiro Costa e Silva (Colegiado de Enfermagem)\\r\\nT\\u00e2nia Rita Moreno de O. Fernandes (Colegiado de Medicina)\\r\\n\\r\\nCiranda Petiana 04\\r\\nTema: Sa\\u00fade da mulher e g\\u00eanero ao longo do ciclo de vida\\r\\nRespons\\u00e1veis:\\r\\nSued Sheila Sarmento (Colegiado de Enfermagem)\\r\\nDaniel Henrique Pereira Esp\\u00edndula (Colegiado de Psicologia)\\r\\nJuliana Sampaio (UFCG)\\r\\n\\r\\nCiranda Petiana 05\\r\\nTema: A sa\\u00fade do trabalhador na rede de aten\\u00e7\\u00e3o prim\\u00e1ria do subm\\u00e9dio s\\u00e3o Francisco: possibilidades e desafios\\r\\nRespons\\u00e1veis:\\r\\nAna Cleide da Silva Dias (Colegiado de Medicina)\\r\\nS\\u00edlvia Raquel S. de Morais (Colegiado de Psicologia)\\r\\nVer\\u00f4nica C\\u00f4rtes (Colegiado Psicologia)\\r\\n\\r\\nRafaela Santos de Melo (Colegiado de Enfermagem)\\r\\nCiranda Petiana 06\\r\\nTema: Os desafios da Forma\\u00e7\\u00e3o e Atua\\u00e7\\u00e3o Interdisciplinar em Sa\\u00fade\\r\\nRespons\\u00e1veis:\\r\\nIzaias Francisco de Souza Junior (Colegiado de Medicina)\\r\\nM\\u00f4nica Lima (Departamento de Psicologia - UFBA)\\r\\nRodrigo Cariri (Recife)\\r\\nK\\u00e1tia Simoni Bezerra Lima (Colegiado de Enfermagem)\\r\\nBarbara Eleonora B. Cabral (Colegiado de Psicologia)\\r\\nClaudia de Aguiar Maia Gomes (Colegiado de Medicina)\\r\\nCiranda Petiana 07\\r\\nTema: Sa\\u00fade Mental \\u2013 \\u00c1lcool e Drogas\\r\\nRespons\\u00e1veis:\\r\\nAlexandre Franca Barreto (Colegiado de Psicologia)\\r\\nMaria de F\\u00e1tima Alves Aguiar Carvalho (Colegiado de Enfermagem)\\r\\nManoel Messias (Colegiado de Ci\\u00eancias da Natureza \\u2013 Senhor do Bonfim)\\r\\nDenis Petuco (CAPSad Primavera-Cabedelo/PB)\\r\\n\\r\\nCiranda Petiana 08\\r\\nTema: Sa\\u00fade do Adulto e Idoso e Assist\\u00eancia Farmac\\u00eautica\\r\\nRespons\\u00e1veis:\\r\\nLuciana Macatr\\u00e3o Nogueira (Colegiado de Farm\\u00e1cia)\\r\\nAudimar de Sousa Alves (Colegiado de Enfermagem)\\r\\nAlana Moreira \\u2013 M\\u00e9dica Cl\\u00ednica Geral \\u2013 Residente Sa\\u00fade da Fam\\u00edlia, Secretaria de Sa\\u00fade de Juazeiro\\r\\n\\r\\n10:00 \\u00e0s 10:30 \\r\\nCaf\\u00e9 com Prosa\\r\\n\\r\\n10:30 \\u00e0s 12:30\\r\\nApresenta\\u00e7\\u00e3o de Trabalhos (Comunica\\u00e7\\u00e3o Oral) \\r\\n\\r\\n12:30 \\u00e0s 14:00\\r\\nIntervalo para almo\\u00e7o\\r\\n\\r\\n\\r\\n14:00 \\u00e0s 16:00\\r\\nGrande Roda 02 / Vigil\\u00e2ncia em Sa\\u00fade: Mapas de risco como instrumento de planejamento e avalia\\u00e7\\u00e3o de programas e pol\\u00edticas de sa\\u00fade\\r\\n Danielle Cruz \\u2013 SVS/MS\\r\\n\\r\\n Tereza Maciel Lyra (CPqAM-FIOCRUZ)\\r\\n16:00 \\u00e0s 16:30\\r\\nCaf\\u00e9 com Prosa\\r\\n\\r\\n16:30 \\u00e0s 18:30\\r\\nApresenta\\u00e7\\u00e3o de Trabalhos (Comunica\\u00e7\\u00e3o Oral)\\r\\n\\r\\n Apresenta\\u00e7\\u00e3o de Pain\\u00e9is\\r\\n\\r\\n\\r\\n\\r\\n03 de Setembro de 2011\\r\\n8:00 \\u00e0s 10:00\\r\\nApresenta\\u00e7\\u00e3o de Trabalhos (Comunica\\u00e7\\u00e3o Oral)\\r\\n\\r\\n10:00 \\u00e0s 10:30\\r\\nCaf\\u00e9 com Prosa \\r\\n\\r\\n10:30 \\u00e0s 12:30\\r\\nGrande Roda 3/ Aten\\u00e7\\u00e3o \\u00e0 Sa\\u00fade Mental: Desafios e possibilidades na articula\\u00e7\\u00e3o de Redes de Cuidados Integrais em Sa\\u00fade Mental\\r\\n\\r\\nMagda Dimenstein \\u2013 UFRN\\r\\n\\r\\n Marcela Lucena \\u2013 Coordenadora estadual de sa\\u00fade mental \\u2013 Secretaria Estadual de Sa\\u00fade de PE\\r\\n12:30 \\u00e0s 13:30\\r\\nEncerramento do CONGREFOR 2011 \", \"status\": 2, \"updated\": \"2013-12-15T10:40:59.867\", \"created\": \"2013-12-15T10:40:59.854\", \"_body_rendered\": \"<p>Programa\\u00e7\\u00e3o Completa AQUI! </p>\\n<p>Data e hora de apresenta\\u00e7\\u00e3o dos trabalhos</p>\\n<p>01 de Setembro de 2011 (quinta-feira)\\n8:00 \\u00e0s 12:30\\nCredenciamento</p>\\n<p>12:30 \\u00e0s 13:30\\nIntervalo para almo\\u00e7o</p>\\n<p>13:30 \\u00e0s 14:00 \\nAtividade cultural</p>\\n<p>14:00 \\u00e0s 14:30\\nMesa de abertura</p>\\n<p>14:30 \\u00e0s 16:00\\nConfer\\u00eancia Inaugural Forma\\u00e7\\u00e3o para o SUS: que inova\\u00e7\\u00f5es e perspectivas?\\nSigisfredo Brenelli (DEGES/SGETS/MS)</p>\\n<p>16:00 \\u00e0s 16:30\\nCaf\\u00e9 com prosa</p>\\n<p>16:30 \\u00e0s 18:30\\nGrande Roda 1 / Sa\\u00fade da Fam\\u00edlia: Os desafios e possibilidades da aten\\u00e7\\u00e3o integral no cotidiano de trabalho das Equipes de Sa\\u00fade da Fam\\u00edlia\\nF\\u00e1tima Oliver \\u2013 Coordenadora do PET-Sa\\u00fade da USP</p>\\n<p>Roseni Pinheiro \\u2013 UERJ\\n18:30 \\u00e0s 19:30\\nCoquetel</p>\\n<p>02 de Setembro de 2011\\n08:00 \\u00e0s 10:00\\nCiranda Petiana 01\\nTema: Sa\\u00fade mental: cuidado, territ\\u00f3rio e pluralidade nas estrat\\u00e9gias na aten\\u00e7\\u00e3o b\\u00e1sica\\nRespons\\u00e1veis:\\nAlessia Silva Fontenelle (Colegiado de Psicologia)\\nAlice Chaves de Carvalho Gomes (Colegiado de Psicologia) Renata Guerda (Mestranda UFAL) \\nCiranda Petiana 02\\nTema: Sa\\u00fade da Crian\\u00e7a\\nRespons\\u00e1veis:\\nKamila Juliana da Silva Santos (Colegiado de Enfermagem)\\nMargaret Olinda de Souza Carvalho e Lira (Colegiado de Enfermagem)\\nGl\\u00f3ria Maria Pinto Coelho (Colegiado de Enfermagem)\\nDarlindo Ferreira de Lima (Colegiado de Psicologia)</p>\\n<p>Ciranda Petiana 03\\nTema: Doen\\u00e7as emergentes e reemergentes na regi\\u00e3o do Vale do S\\u00e3o Francisco\\nRespons\\u00e1veis:\\nJo\\u00e3o Alves do Nascimento J\\u00fanior (Colegiado de Medicina Veterin\\u00e1ria)\\nMichelle Christini Ara\\u00fajo Mascarenha (Colegiado de Enfermagem)\\nSusane Pinheiro Costa e Silva (Colegiado de Enfermagem)\\nT\\u00e2nia Rita Moreno de O. Fernandes (Colegiado de Medicina)</p>\\n<p>Ciranda Petiana 04\\nTema: Sa\\u00fade da mulher e g\\u00eanero ao longo do ciclo de vida\\nRespons\\u00e1veis:\\nSued Sheila Sarmento (Colegiado de Enfermagem)\\nDaniel Henrique Pereira Esp\\u00edndula (Colegiado de Psicologia)\\nJuliana Sampaio (UFCG)</p>\\n<p>Ciranda Petiana 05\\nTema: A sa\\u00fade do trabalhador na rede de aten\\u00e7\\u00e3o prim\\u00e1ria do subm\\u00e9dio s\\u00e3o Francisco: possibilidades e desafios\\nRespons\\u00e1veis:\\nAna Cleide da Silva Dias (Colegiado de Medicina)\\nS\\u00edlvia Raquel S. de Morais (Colegiado de Psicologia)\\nVer\\u00f4nica C\\u00f4rtes (Colegiado Psicologia)</p>\\n<p>Rafaela Santos de Melo (Colegiado de Enfermagem)\\nCiranda Petiana 06\\nTema: Os desafios da Forma\\u00e7\\u00e3o e Atua\\u00e7\\u00e3o Interdisciplinar em Sa\\u00fade\\nRespons\\u00e1veis:\\nIzaias Francisco de Souza Junior (Colegiado de Medicina)\\nM\\u00f4nica Lima (Departamento de Psicologia - UFBA)\\nRodrigo Cariri (Recife)\\nK\\u00e1tia Simoni Bezerra Lima (Colegiado de Enfermagem)\\nBarbara Eleonora B. Cabral (Colegiado de Psicologia)\\nClaudia de Aguiar Maia Gomes (Colegiado de Medicina)\\nCiranda Petiana 07\\nTema: Sa\\u00fade Mental \\u2013 \\u00c1lcool e Drogas\\nRespons\\u00e1veis:\\nAlexandre Franca Barreto (Colegiado de Psicologia)\\nMaria de F\\u00e1tima Alves Aguiar Carvalho (Colegiado de Enfermagem)\\nManoel Messias (Colegiado de Ci\\u00eancias da Natureza \\u2013 Senhor do Bonfim)\\nDenis Petuco (CAPSad Primavera-Cabedelo/PB)</p>\\n<p>Ciranda Petiana 08\\nTema: Sa\\u00fade do Adulto e Idoso e Assist\\u00eancia Farmac\\u00eautica\\nRespons\\u00e1veis:\\nLuciana Macatr\\u00e3o Nogueira (Colegiado de Farm\\u00e1cia)\\nAudimar de Sousa Alves (Colegiado de Enfermagem)\\nAlana Moreira \\u2013 M\\u00e9dica Cl\\u00ednica Geral \\u2013 Residente Sa\\u00fade da Fam\\u00edlia, Secretaria de Sa\\u00fade de Juazeiro</p>\\n<p>10:00 \\u00e0s 10:30 \\nCaf\\u00e9 com Prosa</p>\\n<p>10:30 \\u00e0s 12:30\\nApresenta\\u00e7\\u00e3o de Trabalhos (Comunica\\u00e7\\u00e3o Oral) </p>\\n<p>12:30 \\u00e0s 14:00\\nIntervalo para almo\\u00e7o</p>\\n<p>14:00 \\u00e0s 16:00\\nGrande Roda 02 / Vigil\\u00e2ncia em Sa\\u00fade: Mapas de risco como instrumento de planejamento e avalia\\u00e7\\u00e3o de programas e pol\\u00edticas de sa\\u00fade\\n Danielle Cruz \\u2013 SVS/MS</p>\\n<p>Tereza Maciel Lyra (CPqAM-FIOCRUZ)\\n16:00 \\u00e0s 16:30\\nCaf\\u00e9 com Prosa</p>\\n<p>16:30 \\u00e0s 18:30\\nApresenta\\u00e7\\u00e3o de Trabalhos (Comunica\\u00e7\\u00e3o Oral)</p>\\n<p>Apresenta\\u00e7\\u00e3o de Pain\\u00e9is</p>\\n<p>03 de Setembro de 2011\\n8:00 \\u00e0s 10:00\\nApresenta\\u00e7\\u00e3o de Trabalhos (Comunica\\u00e7\\u00e3o Oral)</p>\\n<p>10:00 \\u00e0s 10:30\\nCaf\\u00e9 com Prosa </p>\\n<p>10:30 \\u00e0s 12:30\\nGrande Roda 3/ Aten\\u00e7\\u00e3o \\u00e0 Sa\\u00fade Mental: Desafios e possibilidades na articula\\u00e7\\u00e3o de Redes de Cuidados Integrais em Sa\\u00fade Mental</p>\\n<p>Magda Dimenstein \\u2013 UFRN</p>\\n<p>Marcela Lucena \\u2013 Coordenadora estadual de sa\\u00fade mental \\u2013 Secretaria Estadual de Sa\\u00fade de PE\\n12:30 \\u00e0s 13:30\\nEncerramento do CONGREFOR 2011 </p>\", \"title\": \"Programa\\u00e7\\u00e3o\", \"publish_date\": \"2013-12-15T10:39:25\", \"path\": \"venue/\"}}]", "revision": 2}}, {"pk": 3, "model": "reversion.version", "fields": {"format": "json", "object_repr": "Informa\u00e7\u00f5es", "object_id": "3", "content_type": 29, "object_id_int": 3, "type": 0, "serialized_data": "[{\"pk\": 3, \"model\": \"cms.page\", \"fields\": {\"body\": \"**Per\\u00edodo:**\\r\\n01 a 03 de setembro de 2011\\r\\n\\r\\n**Local:**\\r\\nComplexo Multieventos da Univasf - Campus Juazeiro\\r\\n\", \"status\": 2, \"updated\": \"2013-12-15T10:41:38.238\", \"created\": \"2013-12-15T10:41:38.227\", \"_body_rendered\": \"<p><strong>Per\\u00edodo:</strong>\\n01 a 03 de setembro de 2011</p>\\n<p><strong>Local:</strong>\\nComplexo Multieventos da Univasf - Campus Juazeiro</p>\", \"title\": \"Informa\\u00e7\\u00f5es\", \"publish_date\": \"2013-12-15T10:41:09\", \"path\": \"about/\"}}]", "revision": 3}}, {"pk": 4, "model": "reversion.version", "fields": {"format": "json", "object_repr": "homepage", "object_id": "1", "content_type": 31, "object_id_int": 1, "type": 0, "serialized_data": "[{\"pk\": 1, \"model\": \"boxes.box\", \"fields\": {\"content\": \"![congrefor](http://www.congrefor2011.univasf.edu.br/imagens/congrefor2011.png \\\"congrefor\\\")\\r\\n\\r\\n**O I Congresso Norte-Nordeste/II do Vale do S\\u00e3o Francisco de Forma\\u00e7\\u00e3o para o SUS \\u2013 CONGREFOR**  ser\\u00e1 realizado no per\\u00edodo de 12 a 14 de fevereiro de 2014, no Complexo Multieventos da Universidade Federal do Vale do S\\u00e3o Francisco (Univasf), Campus de Juazeiro-BA.\\r\\n\\r\\nSendo um desdobramento do I Congrefor, ocorrido em 2011, a realiza\\u00e7\\u00e3o do evento brota do compromisso \\u00e9tico-pol\\u00edtico de constituir espa\\u00e7os democr\\u00e1ticos para a discuss\\u00e3o em torno da **Forma\\u00e7\\u00e3o para o SUS**, que segue se caracterizando como um dos maiores desafios para a sustenta\\u00e7\\u00e3o e consolida\\u00e7\\u00e3o do nosso sistema de sa\\u00fade. Tais debates ocorrer\\u00e3o em meio a um cen\\u00e1rio pol\\u00edtico-ideol\\u00f3gico delicado, em que vemos o SUS amea\\u00e7ado, sendo fundamental manter vivo o processo de defesa de seu car\\u00e1ter p\\u00fablico, universal, integral e dependente da participa\\u00e7\\u00e3o social.\\r\\n\\r\\nPara a realiza\\u00e7\\u00e3o do II Congrefor, estamos experimentando p\\u00f4r em ato uma conex\\u00e3o Norte-Nordeste, visando extrapolar efetivamente as fronteiras do Vale do Subm\\u00e9dio S\\u00e3o Francisco, aspira\\u00e7\\u00e3o j\\u00e1 sinalizada em 2011. Participando de eventos promovidos pela Secretaria de Gest\\u00e3o do Trabalho e da Educa\\u00e7\\u00e3o na Sa\\u00fade \\u2013 SGTES (MS), em torno do dispositivo PET-Sa\\u00fade, percebemos um desejo partilhado de ampliar as oportunidades para trocar experi\\u00eancias e fortalecer esse movimento em defesa do SUS pela via da Forma\\u00e7\\u00e3o.\\r\\n\\r\\nParticularmente na Oficina promovida pelo _F\\u00f3rum Nacional de Educa\\u00e7\\u00e3o das Profiss\\u00f5es na \\u00c1rea da Sa\\u00fade_ (FNEPAS), em agosto de 2013, levamos a proposta de realizar o II Congrefor respaldando-o numa articula\\u00e7\\u00e3o N-NE de atores envolvidos com dispositivos de Forma\\u00e7\\u00e3o para o SUS. A ideia foi bem recebida e, assim, aqui chegamos!\\r\\n\\r\\nDesse modo, este evento est\\u00e1 em constru\\u00e7\\u00e3o, contando com uma rede colaborativa e solid\\u00e1ria de v\\u00e1rios companheir@s dessas regi\\u00f5es: ou seja, sua elabora\\u00e7\\u00e3o est\\u00e1 implicando uma tessitura coletiva, a partir de uma aposta na import\\u00e2ncia dos espa\\u00e7os coletivos para trocas, aprendizagem e cria\\u00e7\\u00e3o. Como tema central do evento, elegemos o seguinte mote: **Forma\\u00e7\\u00e3o cr\\u00edtico-reflexiva para o trabalho no SUS: experi\\u00eancias e desafios para a produ\\u00e7\\u00e3o coletiva.**\\r\\n\\r\\nO evento \\u00e9 de todos n\\u00f3s, inclusive seu, que agora l\\u00ea este breve texto de apresenta\\u00e7\\u00e3o. Sentindo-se identificado com essa tem\\u00e1tica e compreendendo que essas discuss\\u00f5es s\\u00e3o pertinentes para que sigamos na consolida\\u00e7\\u00e3o do SUS que queremos e que acreditamos dar certo, saiba que j\\u00e1 faz parte desse cord\\u00e3o! Participe e contribua para o enriquecimento dos debates, enviando resumo de trabalhos de ensino, extens\\u00e3o, pesquisa ou experi\\u00eancias outras que indiquem modos poss\\u00edveis de levar adiante essa constru\\u00e7\\u00e3o (**saiba mais**).\\r\\n\\r\\nQueremos garantir, na configura\\u00e7\\u00e3o do Congrefor, a oportunidade de rodas e conversas genu\\u00ednas, que promovam efetivamente a circula\\u00e7\\u00e3o de saberes e fazeres relacionados \\u00e0 Forma\\u00e7\\u00e3o para o SUS. Al\\u00e9m das sess\\u00f5es em que os trabalhos ser\\u00e3o partilhados, contaremos com uma programa\\u00e7\\u00e3o diversificada, composta por Grande Rodas (Debates Gerais), Cirandas de Integralidades (Debates Tem\\u00e1ticos Espec\\u00edficos) e outros espa\\u00e7os de discuss\\u00e3o e partilha que est\\u00e3o sendo delineados. O Congrefor estar\\u00e1 aberto para associa\\u00e7\\u00e3o de eventos afins, que certamente potencializar\\u00e3o o encontro, como o **II Simp\\u00f3sio das Resid\\u00eancias em Sa\\u00fade do Vale do S\\u00e3o Francisco.**\\r\\n\\r\\nComo o site estar\\u00e1 em permanente constru\\u00e7\\u00e3o \\u2013 acompanhando o desenrolar de prepara\\u00e7\\u00e3o e realiza\\u00e7\\u00e3o do Congrefor \\u2013 adicionaremos, aqui, as novidades at\\u00e9 o dia de nosso encontro.\\r\\n\\r\\nSejam tod@s muito bem-vindos ao Sert\\u00e3o, aos encontros e at\\u00e9 breve!\", \"last_updated_by\": 1, \"_content_rendered\": \"<p><img src=\\\"http://www.congrefor2011.univasf.edu.br/imagens/congrefor2011.png\\\" alt=\\\"congrefor\\\" title=\\\"congrefor\\\"/></p>\\n<p><strong>O I Congresso Norte-Nordeste/II do Vale do S\\u00e3o Francisco de Forma\\u00e7\\u00e3o para o SUS \\u2013 CONGREFOR</strong>  ser\\u00e1 realizado no per\\u00edodo de 12 a 14 de fevereiro de 2014, no Complexo Multieventos da Universidade Federal do Vale do S\\u00e3o Francisco (Univasf), Campus de Juazeiro-BA.</p>\\n<p>Sendo um desdobramento do I Congrefor, ocorrido em 2011, a realiza\\u00e7\\u00e3o do evento brota do compromisso \\u00e9tico-pol\\u00edtico de constituir espa\\u00e7os democr\\u00e1ticos para a discuss\\u00e3o em torno da <strong>Forma\\u00e7\\u00e3o para o SUS</strong>, que segue se caracterizando como um dos maiores desafios para a sustenta\\u00e7\\u00e3o e consolida\\u00e7\\u00e3o do nosso sistema de sa\\u00fade. Tais debates ocorrer\\u00e3o em meio a um cen\\u00e1rio pol\\u00edtico-ideol\\u00f3gico delicado, em que vemos o SUS amea\\u00e7ado, sendo fundamental manter vivo o processo de defesa de seu car\\u00e1ter p\\u00fablico, universal, integral e dependente da participa\\u00e7\\u00e3o social.</p>\\n<p>Para a realiza\\u00e7\\u00e3o do II Congrefor, estamos experimentando p\\u00f4r em ato uma conex\\u00e3o Norte-Nordeste, visando extrapolar efetivamente as fronteiras do Vale do Subm\\u00e9dio S\\u00e3o Francisco, aspira\\u00e7\\u00e3o j\\u00e1 sinalizada em 2011. Participando de eventos promovidos pela Secretaria de Gest\\u00e3o do Trabalho e da Educa\\u00e7\\u00e3o na Sa\\u00fade \\u2013 SGTES (MS), em torno do dispositivo PET-Sa\\u00fade, percebemos um desejo partilhado de ampliar as oportunidades para trocar experi\\u00eancias e fortalecer esse movimento em defesa do SUS pela via da Forma\\u00e7\\u00e3o.</p>\\n<p>Particularmente na Oficina promovida pelo <em>F\\u00f3rum Nacional de Educa\\u00e7\\u00e3o das Profiss\\u00f5es na \\u00c1rea da Sa\\u00fade</em> (FNEPAS), em agosto de 2013, levamos a proposta de realizar o II Congrefor respaldando-o numa articula\\u00e7\\u00e3o N-NE de atores envolvidos com dispositivos de Forma\\u00e7\\u00e3o para o SUS. A ideia foi bem recebida e, assim, aqui chegamos!</p>\\n<p>Desse modo, este evento est\\u00e1 em constru\\u00e7\\u00e3o, contando com uma rede colaborativa e solid\\u00e1ria de v\\u00e1rios companheir@s dessas regi\\u00f5es: ou seja, sua elabora\\u00e7\\u00e3o est\\u00e1 implicando uma tessitura coletiva, a partir de uma aposta na import\\u00e2ncia dos espa\\u00e7os coletivos para trocas, aprendizagem e cria\\u00e7\\u00e3o. Como tema central do evento, elegemos o seguinte mote: <strong>Forma\\u00e7\\u00e3o cr\\u00edtico-reflexiva para o trabalho no SUS: experi\\u00eancias e desafios para a produ\\u00e7\\u00e3o coletiva.</strong></p>\\n<p>O evento \\u00e9 de todos n\\u00f3s, inclusive seu, que agora l\\u00ea este breve texto de apresenta\\u00e7\\u00e3o. Sentindo-se identificado com essa tem\\u00e1tica e compreendendo que essas discuss\\u00f5es s\\u00e3o pertinentes para que sigamos na consolida\\u00e7\\u00e3o do SUS que queremos e que acreditamos dar certo, saiba que j\\u00e1 faz parte desse cord\\u00e3o! Participe e contribua para o enriquecimento dos debates, enviando resumo de trabalhos de ensino, extens\\u00e3o, pesquisa ou experi\\u00eancias outras que indiquem modos poss\\u00edveis de levar adiante essa constru\\u00e7\\u00e3o (<strong>saiba mais</strong>).</p>\\n<p>Queremos garantir, na configura\\u00e7\\u00e3o do Congrefor, a oportunidade de rodas e conversas genu\\u00ednas, que promovam efetivamente a circula\\u00e7\\u00e3o de saberes e fazeres relacionados \\u00e0 Forma\\u00e7\\u00e3o para o SUS. Al\\u00e9m das sess\\u00f5es em que os trabalhos ser\\u00e3o partilhados, contaremos com uma programa\\u00e7\\u00e3o diversificada, composta por Grande Rodas (Debates Gerais), Cirandas de Integralidades (Debates Tem\\u00e1ticos Espec\\u00edficos) e outros espa\\u00e7os de discuss\\u00e3o e partilha que est\\u00e3o sendo delineados. O Congrefor estar\\u00e1 aberto para associa\\u00e7\\u00e3o de eventos afins, que certamente potencializar\\u00e3o o encontro, como o <strong>II Simp\\u00f3sio das Resid\\u00eancias em Sa\\u00fade do Vale do S\\u00e3o Francisco.</strong></p>\\n<p>Como o site estar\\u00e1 em permanente constru\\u00e7\\u00e3o \\u2013 acompanhando o desenrolar de prepara\\u00e7\\u00e3o e realiza\\u00e7\\u00e3o do Congrefor \\u2013 adicionaremos, aqui, as novidades at\\u00e9 o dia de nosso encontro.</p>\\n<p>Sejam tod@s muito bem-vindos ao Sert\\u00e3o, aos encontros e at\\u00e9 breve!</p>\", \"created_by\": 1, \"label\": \"homepage\"}}]", "revision": 4}}, {"pk": 5, "model": "reversion.version", "fields": {"format": "json", "object_repr": "Informa\u00e7\u00f5es", "object_id": "3", "content_type": 29, "object_id_int": 3, "type": 1, "serialized_data": "[{\"pk\": 3, \"model\": \"cms.page\", \"fields\": {\"body\": \"**Per\\u00edodo:**\\r\\n12 a 14 de fevereiro de 2012\\r\\n\\r\\n**Local:**\\r\\nComplexo Multieventos da Univasf - Campus Juazeiro\\r\\n\", \"status\": 2, \"updated\": \"2013-12-15T10:47:48.744\", \"created\": \"2013-12-15T10:41:38.227\", \"_body_rendered\": \"<p><strong>Per\\u00edodo:</strong>\\n12 a 14 de fevereiro de 2012</p>\\n<p><strong>Local:</strong>\\nComplexo Multieventos da Univasf - Campus Juazeiro</p>\", \"title\": \"Informa\\u00e7\\u00f5es\", \"publish_date\": \"2013-12-15T10:41:09\", \"path\": \"about/\"}}]", "revision": 5}}, {"pk": 6, "model": "reversion.version", "fields": {"format": "json", "object_repr": "Informa\u00e7\u00f5es", "object_id": "3", "content_type": 29, "object_id_int": 3, "type": 1, "serialized_data": "[{\"pk\": 3, \"model\": \"cms.page\", \"fields\": {\"body\": \"**Per\\u00edodo:**\\r\\n12 a 14 de fevereiro de 2012\\r\\n\\r\\n**Local:**\\r\\nComplexo Multieventos da Universidade Federal do Vale do S\\u00e3o Francisco (Univasf), Campus de Juazeiro-BA\\r\\n\", \"status\": 2, \"updated\": \"2013-12-15T10:48:06.736\", \"created\": \"2013-12-15T10:41:38.227\", \"_body_rendered\": \"<p><strong>Per\\u00edodo:</strong>\\n12 a 14 de fevereiro de 2012</p>\\n<p><strong>Local:</strong>\\nComplexo Multieventos da Universidade Federal do Vale do S\\u00e3o Francisco (Univasf), Campus de Juazeiro-BA</p>\", \"title\": \"Informa\\u00e7\\u00f5es\", \"publish_date\": \"2013-12-15T10:41:09\", \"path\": \"about/\"}}]", "revision": 6}}, {"pk": 1, "model": "sitetree.tree", "fields": {"alias": "main", "title": "main"}}, {"pk": 2, "model": "account.emailconfirmation", "fields": {"email_address": 3, "key": "5b8415e31225611c850f12d640e606867baa38e90e1e7ffc2e3310e32e35cc30", "sent": "2013-12-15T12:59:58.249", "created": "2013-12-15T12:59:46.956"}}, {"pk": 1, "model": "sponsorship.sponsorlevel", "fields": {"conference": 1, "description": "", "cost": 10000, "name": "Gold", "order": 0}}, {"pk": 2, "model": "sponsorship.sponsorlevel", "fields": {"conference": 1, "description": "", "cost": 5000, "name": "Silver", "order": 1}}, {"pk": 3, "model": "sponsorship.sponsorlevel", "fields": {"conference": 1, "description": "", "cost": 2000, "name": "Bronze", "order": 2}}, {"pk": 2, "model": "sponsorship.benefit", "fields": {"type": "weblogo", "name": "Web Logo", "description": "Logo to appear on the website"}}, {"pk": 3, "model": "sponsorship.benefit", "fields": {"type": "file", "name": "Print Logo", "description": "Logo to appear in print"}}, {"pk": 4, "model": "sponsorship.benefit", "fields": {"type": "text", "name": "Sponsor Description", "description": "Description to appear on website and in print"}}, {"pk": 1, "model": "sponsorship.benefitlevel", "fields": {"other_limits": "", "benefit": 2, "max_words": null, "level": 1}}, {"pk": 5, "model": "sponsorship.benefitlevel", "fields": {"other_limits": "", "benefit": 3, "max_words": null, "level": 1}}, {"pk": 9, "model": "sponsorship.benefitlevel", "fields": {"other_limits": "", "benefit": 4, "max_words": null, "level": 1}}, {"pk": 2, "model": "sponsorship.benefitlevel", "fields": {"other_limits": "", "benefit": 2, "max_words": null, "level": 2}}, {"pk": 6, "model": "sponsorship.benefitlevel", "fields": {"other_limits": "", "benefit": 3, "max_words": null, "level": 2}}, {"pk": 10, "model": "sponsorship.benefitlevel", "fields": {"other_limits": "", "benefit": 4, "max_words": null, "level": 2}}, {"pk": 3, "model": "sponsorship.benefitlevel", "fields": {"other_limits": "", "benefit": 2, "max_words": null, "level": 3}}, {"pk": 7, "model": "sponsorship.benefitlevel", "fields": {"other_limits": "", "benefit": 3, "max_words": null, "level": 3}}, {"pk": 11, "model": "sponsorship.benefitlevel", "fields": {"other_limits": "", "benefit": 4, "max_words": null, "level": 3}}, {"pk": 1, "model": "conference.conference", "fields": {"timezone": "America/Recife", "start_date": "2014-02-12", "end_date": "2014-02-14", "title": "II CONGREFOR"}}, {"pk": 2, "model": "conference.section", "fields": {"conference": 1, "start_date": "2014-02-12", "name": "Apresenta\u00e7\u00f5es Orais", "end_date": "2014-02-14", "slug": "general-sessions"}}, {"pk": 1, "model": "cms.page", "fields": {"body": "**Coordena\u00e7\u00e3o Geral do Evento**\r\n\r\nBarbara Eleonora Bezerra Cabral\r\n\r\n\r\n\r\n**Comiss\u00e3o de Comunica\u00e7\u00e3o e Mobiliza\u00e7\u00e3o**\r\n\r\nAna Dulce\r\n\r\nJo\u00e3o Alves\r\n\r\nRicardo Lima\r\n\r\n**Comiss\u00e3o Cient\u00edfica**\r\n\r\nLucimara Ara\u00fajo Campos Alexandre\r\n\r\nAudimar de Sousa Alves\r\n\r\nRafaela Santos de Melo\r\n\r\nS\u00edlvia Raquel Santos de Morais\r\n\r\n\r\n\r\n**Secretaria**\r\n\r\nGl\u00f3ria Coelho (Coordenadora)\r\n\r\nJuliana Korinfsky\r\n\r\nAna Dulce\r\n\r\n**Comiss\u00e3o Cultural**\r\n\r\nSued Sheila Sarmento (Coordenadora)\r\n\r\nF\u00e1tima Brand\u00e3o\r\n\r\nM\u00f4nica Cec\u00edlia\r\n\r\n\r\n\r\n**Comiss\u00e3o Financeira**\r\n\r\nK\u00e1tia Simoni Bezerra Lima (Coordenadora)\r\n\r\nSusanne Pinheiro Costa e Silva", "status": 2, "updated": "2013-12-15T10:38:44.684", "created": "2013-12-15T10:38:44.619", "_body_rendered": "<p><strong>Coordena\u00e7\u00e3o Geral do Evento</strong></p>\n<p>Barbara Eleonora Bezerra Cabral</p>\n<p><strong>Comiss\u00e3o de Comunica\u00e7\u00e3o e Mobiliza\u00e7\u00e3o</strong></p>\n<p>Ana Dulce</p>\n<p>Jo\u00e3o Alves</p>\n<p>Ricardo Lima</p>\n<p><strong>Comiss\u00e3o Cient\u00edfica</strong></p>\n<p>Lucimara Ara\u00fajo Campos Alexandre</p>\n<p>Audimar de Sousa Alves</p>\n<p>Rafaela Santos de Melo</p>\n<p>S\u00edlvia Raquel Santos de Morais</p>\n<p><strong>Secretaria</strong></p>\n<p>Gl\u00f3ria Coelho (Coordenadora)</p>\n<p>Juliana Korinfsky</p>\n<p>Ana Dulce</p>\n<p><strong>Comiss\u00e3o Cultural</strong></p>\n<p>Sued Sheila Sarmento (Coordenadora)</p>\n<p>F\u00e1tima Brand\u00e3o</p>\n<p>M\u00f4nica Cec\u00edlia</p>\n<p><strong>Comiss\u00e3o Financeira</strong></p>\n<p>K\u00e1tia Simoni Bezerra Lima (Coordenadora)</p>\n<p>Susanne Pinheiro Costa e Silva</p>", "title": "Organiza\u00e7\u00e3o", "publish_date": "2013-12-15T10:38:21", "path": "organization/"}}, {"pk": 2, "model": "cms.page", "fields": {"body": "Programa\u00e7\u00e3o Completa AQUI! \r\n\r\nData e hora de apresenta\u00e7\u00e3o dos trabalhos\r\n\r\n01 de Setembro de 2011 (quinta-feira)\r\n8:00 \u00e0s 12:30\r\nCredenciamento\r\n\r\n12:30 \u00e0s 13:30\r\nIntervalo para almo\u00e7o\r\n\r\n13:30 \u00e0s 14:00 \r\nAtividade cultural\r\n\r\n14:00 \u00e0s 14:30\r\nMesa de abertura\r\n\r\n14:30 \u00e0s 16:00\r\nConfer\u00eancia Inaugural Forma\u00e7\u00e3o para o SUS: que inova\u00e7\u00f5es e perspectivas?\r\nSigisfredo Brenelli (DEGES/SGETS/MS)\r\n\r\n16:00 \u00e0s 16:30\r\nCaf\u00e9 com prosa\r\n\r\n16:30 \u00e0s 18:30\r\nGrande Roda 1 / Sa\u00fade da Fam\u00edlia: Os desafios e possibilidades da aten\u00e7\u00e3o integral no cotidiano de trabalho das Equipes de Sa\u00fade da Fam\u00edlia\r\nF\u00e1tima Oliver \u2013 Coordenadora do PET-Sa\u00fade da USP\r\n\r\nRoseni Pinheiro \u2013 UERJ\r\n18:30 \u00e0s 19:30\r\nCoquetel\r\n\r\n\r\n\r\n\r\n\r\n02 de Setembro de 2011\r\n08:00 \u00e0s 10:00\r\nCiranda Petiana 01\r\nTema: Sa\u00fade mental: cuidado, territ\u00f3rio e pluralidade nas estrat\u00e9gias na aten\u00e7\u00e3o b\u00e1sica\r\nRespons\u00e1veis:\r\nAlessia Silva Fontenelle (Colegiado de Psicologia)\r\nAlice Chaves de Carvalho Gomes (Colegiado de Psicologia) Renata Guerda (Mestranda UFAL) \r\nCiranda Petiana 02\r\nTema: Sa\u00fade da Crian\u00e7a\r\nRespons\u00e1veis:\r\nKamila Juliana da Silva Santos (Colegiado de Enfermagem)\r\nMargaret Olinda de Souza Carvalho e Lira (Colegiado de Enfermagem)\r\nGl\u00f3ria Maria Pinto Coelho (Colegiado de Enfermagem)\r\nDarlindo Ferreira de Lima (Colegiado de Psicologia)\r\n\r\nCiranda Petiana 03\r\nTema: Doen\u00e7as emergentes e reemergentes na regi\u00e3o do Vale do S\u00e3o Francisco\r\nRespons\u00e1veis:\r\nJo\u00e3o Alves do Nascimento J\u00fanior (Colegiado de Medicina Veterin\u00e1ria)\r\nMichelle Christini Ara\u00fajo Mascarenha (Colegiado de Enfermagem)\r\nSusane Pinheiro Costa e Silva (Colegiado de Enfermagem)\r\nT\u00e2nia Rita Moreno de O. Fernandes (Colegiado de Medicina)\r\n\r\nCiranda Petiana 04\r\nTema: Sa\u00fade da mulher e g\u00eanero ao longo do ciclo de vida\r\nRespons\u00e1veis:\r\nSued Sheila Sarmento (Colegiado de Enfermagem)\r\nDaniel Henrique Pereira Esp\u00edndula (Colegiado de Psicologia)\r\nJuliana Sampaio (UFCG)\r\n\r\nCiranda Petiana 05\r\nTema: A sa\u00fade do trabalhador na rede de aten\u00e7\u00e3o prim\u00e1ria do subm\u00e9dio s\u00e3o Francisco: possibilidades e desafios\r\nRespons\u00e1veis:\r\nAna Cleide da Silva Dias (Colegiado de Medicina)\r\nS\u00edlvia Raquel S. de Morais (Colegiado de Psicologia)\r\nVer\u00f4nica C\u00f4rtes (Colegiado Psicologia)\r\n\r\nRafaela Santos de Melo (Colegiado de Enfermagem)\r\nCiranda Petiana 06\r\nTema: Os desafios da Forma\u00e7\u00e3o e Atua\u00e7\u00e3o Interdisciplinar em Sa\u00fade\r\nRespons\u00e1veis:\r\nIzaias Francisco de Souza Junior (Colegiado de Medicina)\r\nM\u00f4nica Lima (Departamento de Psicologia - UFBA)\r\nRodrigo Cariri (Recife)\r\nK\u00e1tia Simoni Bezerra Lima (Colegiado de Enfermagem)\r\nBarbara Eleonora B. Cabral (Colegiado de Psicologia)\r\nClaudia de Aguiar Maia Gomes (Colegiado de Medicina)\r\nCiranda Petiana 07\r\nTema: Sa\u00fade Mental \u2013 \u00c1lcool e Drogas\r\nRespons\u00e1veis:\r\nAlexandre Franca Barreto (Colegiado de Psicologia)\r\nMaria de F\u00e1tima Alves Aguiar Carvalho (Colegiado de Enfermagem)\r\nManoel Messias (Colegiado de Ci\u00eancias da Natureza \u2013 Senhor do Bonfim)\r\nDenis Petuco (CAPSad Primavera-Cabedelo/PB)\r\n\r\nCiranda Petiana 08\r\nTema: Sa\u00fade do Adulto e Idoso e Assist\u00eancia Farmac\u00eautica\r\nRespons\u00e1veis:\r\nLuciana Macatr\u00e3o Nogueira (Colegiado de Farm\u00e1cia)\r\nAudimar de Sousa Alves (Colegiado de Enfermagem)\r\nAlana Moreira \u2013 M\u00e9dica Cl\u00ednica Geral \u2013 Residente Sa\u00fade da Fam\u00edlia, Secretaria de Sa\u00fade de Juazeiro\r\n\r\n10:00 \u00e0s 10:30 \r\nCaf\u00e9 com Prosa\r\n\r\n10:30 \u00e0s 12:30\r\nApresenta\u00e7\u00e3o de Trabalhos (Comunica\u00e7\u00e3o Oral) \r\n\r\n12:30 \u00e0s 14:00\r\nIntervalo para almo\u00e7o\r\n\r\n\r\n14:00 \u00e0s 16:00\r\nGrande Roda 02 / Vigil\u00e2ncia em Sa\u00fade: Mapas de risco como instrumento de planejamento e avalia\u00e7\u00e3o de programas e pol\u00edticas de sa\u00fade\r\n Danielle Cruz \u2013 SVS/MS\r\n\r\n Tereza Maciel Lyra (CPqAM-FIOCRUZ)\r\n16:00 \u00e0s 16:30\r\nCaf\u00e9 com Prosa\r\n\r\n16:30 \u00e0s 18:30\r\nApresenta\u00e7\u00e3o de Trabalhos (Comunica\u00e7\u00e3o Oral)\r\n\r\n Apresenta\u00e7\u00e3o de Pain\u00e9is\r\n\r\n\r\n\r\n03 de Setembro de 2011\r\n8:00 \u00e0s 10:00\r\nApresenta\u00e7\u00e3o de Trabalhos (Comunica\u00e7\u00e3o Oral)\r\n\r\n10:00 \u00e0s 10:30\r\nCaf\u00e9 com Prosa \r\n\r\n10:30 \u00e0s 12:30\r\nGrande Roda 3/ Aten\u00e7\u00e3o \u00e0 Sa\u00fade Mental: Desafios e possibilidades na articula\u00e7\u00e3o de Redes de Cuidados Integrais em Sa\u00fade Mental\r\n\r\nMagda Dimenstein \u2013 UFRN\r\n\r\n Marcela Lucena \u2013 Coordenadora estadual de sa\u00fade mental \u2013 Secretaria Estadual de Sa\u00fade de PE\r\n12:30 \u00e0s 13:30\r\nEncerramento do CONGREFOR 2011 ", "status": 2, "updated": "2013-12-15T10:40:59.867", "created": "2013-12-15T10:40:59.854", "_body_rendered": "<p>Programa\u00e7\u00e3o Completa AQUI! </p>\n<p>Data e hora de apresenta\u00e7\u00e3o dos trabalhos</p>\n<p>01 de Setembro de 2011 (quinta-feira)\n8:00 \u00e0s 12:30\nCredenciamento</p>\n<p>12:30 \u00e0s 13:30\nIntervalo para almo\u00e7o</p>\n<p>13:30 \u00e0s 14:00 \nAtividade cultural</p>\n<p>14:00 \u00e0s 14:30\nMesa de abertura</p>\n<p>14:30 \u00e0s 16:00\nConfer\u00eancia Inaugural Forma\u00e7\u00e3o para o SUS: que inova\u00e7\u00f5es e perspectivas?\nSigisfredo Brenelli (DEGES/SGETS/MS)</p>\n<p>16:00 \u00e0s 16:30\nCaf\u00e9 com prosa</p>\n<p>16:30 \u00e0s 18:30\nGrande Roda 1 / Sa\u00fade da Fam\u00edlia: Os desafios e possibilidades da aten\u00e7\u00e3o integral no cotidiano de trabalho das Equipes de Sa\u00fade da Fam\u00edlia\nF\u00e1tima Oliver \u2013 Coordenadora do PET-Sa\u00fade da USP</p>\n<p>Roseni Pinheiro \u2013 UERJ\n18:30 \u00e0s 19:30\nCoquetel</p>\n<p>02 de Setembro de 2011\n08:00 \u00e0s 10:00\nCiranda Petiana 01\nTema: Sa\u00fade mental: cuidado, territ\u00f3rio e pluralidade nas estrat\u00e9gias na aten\u00e7\u00e3o b\u00e1sica\nRespons\u00e1veis:\nAlessia Silva Fontenelle (Colegiado de Psicologia)\nAlice Chaves de Carvalho Gomes (Colegiado de Psicologia) Renata Guerda (Mestranda UFAL) \nCiranda Petiana 02\nTema: Sa\u00fade da Crian\u00e7a\nRespons\u00e1veis:\nKamila Juliana da Silva Santos (Colegiado de Enfermagem)\nMargaret Olinda de Souza Carvalho e Lira (Colegiado de Enfermagem)\nGl\u00f3ria Maria Pinto Coelho (Colegiado de Enfermagem)\nDarlindo Ferreira de Lima (Colegiado de Psicologia)</p>\n<p>Ciranda Petiana 03\nTema: Doen\u00e7as emergentes e reemergentes na regi\u00e3o do Vale do S\u00e3o Francisco\nRespons\u00e1veis:\nJo\u00e3o Alves do Nascimento J\u00fanior (Colegiado de Medicina Veterin\u00e1ria)\nMichelle Christini Ara\u00fajo Mascarenha (Colegiado de Enfermagem)\nSusane Pinheiro Costa e Silva (Colegiado de Enfermagem)\nT\u00e2nia Rita Moreno de O. Fernandes (Colegiado de Medicina)</p>\n<p>Ciranda Petiana 04\nTema: Sa\u00fade da mulher e g\u00eanero ao longo do ciclo de vida\nRespons\u00e1veis:\nSued Sheila Sarmento (Colegiado de Enfermagem)\nDaniel Henrique Pereira Esp\u00edndula (Colegiado de Psicologia)\nJuliana Sampaio (UFCG)</p>\n<p>Ciranda Petiana 05\nTema: A sa\u00fade do trabalhador na rede de aten\u00e7\u00e3o prim\u00e1ria do subm\u00e9dio s\u00e3o Francisco: possibilidades e desafios\nRespons\u00e1veis:\nAna Cleide da Silva Dias (Colegiado de Medicina)\nS\u00edlvia Raquel S. de Morais (Colegiado de Psicologia)\nVer\u00f4nica C\u00f4rtes (Colegiado Psicologia)</p>\n<p>Rafaela Santos de Melo (Colegiado de Enfermagem)\nCiranda Petiana 06\nTema: Os desafios da Forma\u00e7\u00e3o e Atua\u00e7\u00e3o Interdisciplinar em Sa\u00fade\nRespons\u00e1veis:\nIzaias Francisco de Souza Junior (Colegiado de Medicina)\nM\u00f4nica Lima (Departamento de Psicologia - UFBA)\nRodrigo Cariri (Recife)\nK\u00e1tia Simoni Bezerra Lima (Colegiado de Enfermagem)\nBarbara Eleonora B. Cabral (Colegiado de Psicologia)\nClaudia de Aguiar Maia Gomes (Colegiado de Medicina)\nCiranda Petiana 07\nTema: Sa\u00fade Mental \u2013 \u00c1lcool e Drogas\nRespons\u00e1veis:\nAlexandre Franca Barreto (Colegiado de Psicologia)\nMaria de F\u00e1tima Alves Aguiar Carvalho (Colegiado de Enfermagem)\nManoel Messias (Colegiado de Ci\u00eancias da Natureza \u2013 Senhor do Bonfim)\nDenis Petuco (CAPSad Primavera-Cabedelo/PB)</p>\n<p>Ciranda Petiana 08\nTema: Sa\u00fade do Adulto e Idoso e Assist\u00eancia Farmac\u00eautica\nRespons\u00e1veis:\nLuciana Macatr\u00e3o Nogueira (Colegiado de Farm\u00e1cia)\nAudimar de Sousa Alves (Colegiado de Enfermagem)\nAlana Moreira \u2013 M\u00e9dica Cl\u00ednica Geral \u2013 Residente Sa\u00fade da Fam\u00edlia, Secretaria de Sa\u00fade de Juazeiro</p>\n<p>10:00 \u00e0s 10:30 \nCaf\u00e9 com Prosa</p>\n<p>10:30 \u00e0s 12:30\nApresenta\u00e7\u00e3o de Trabalhos (Comunica\u00e7\u00e3o Oral) </p>\n<p>12:30 \u00e0s 14:00\nIntervalo para almo\u00e7o</p>\n<p>14:00 \u00e0s 16:00\nGrande Roda 02 / Vigil\u00e2ncia em Sa\u00fade: Mapas de risco como instrumento de planejamento e avalia\u00e7\u00e3o de programas e pol\u00edticas de sa\u00fade\n Danielle Cruz \u2013 SVS/MS</p>\n<p>Tereza Maciel Lyra (CPqAM-FIOCRUZ)\n16:00 \u00e0s 16:30\nCaf\u00e9 com Prosa</p>\n<p>16:30 \u00e0s 18:30\nApresenta\u00e7\u00e3o de Trabalhos (Comunica\u00e7\u00e3o Oral)</p>\n<p>Apresenta\u00e7\u00e3o de Pain\u00e9is</p>\n<p>03 de Setembro de 2011\n8:00 \u00e0s 10:00\nApresenta\u00e7\u00e3o de Trabalhos (Comunica\u00e7\u00e3o Oral)</p>\n<p>10:00 \u00e0s 10:30\nCaf\u00e9 com Prosa </p>\n<p>10:30 \u00e0s 12:30\nGrande Roda 3/ Aten\u00e7\u00e3o \u00e0 Sa\u00fade Mental: Desafios e possibilidades na articula\u00e7\u00e3o de Redes de Cuidados Integrais em Sa\u00fade Mental</p>\n<p>Magda Dimenstein \u2013 UFRN</p>\n<p>Marcela Lucena \u2013 Coordenadora estadual de sa\u00fade mental \u2013 Secretaria Estadual de Sa\u00fade de PE\n12:30 \u00e0s 13:30\nEncerramento do CONGREFOR 2011 </p>", "title": "Programa\u00e7\u00e3o", "publish_date": "2013-12-15T10:39:25", "path": "venue/"}}, {"pk": 3, "model": "cms.page", "fields": {"body": "**Per\u00edodo:**\r\n12 a 14 de fevereiro de 2012\r\n\r\n**Local:**\r\nComplexo Multieventos da Universidade Federal do Vale do S\u00e3o Francisco (Univasf), Campus de Juazeiro-BA\r\n", "status": 2, "updated": "2013-12-15T10:48:06.736", "created": "2013-12-15T10:41:38.227", "_body_rendered": "<p><strong>Per\u00edodo:</strong>\n12 a 14 de fevereiro de 2012</p>\n<p><strong>Local:</strong>\nComplexo Multieventos da Universidade Federal do Vale do S\u00e3o Francisco (Univasf), Campus de Juazeiro-BA</p>", "title": "Informa\u00e7\u00f5es", "publish_date": "2013-12-15T10:41:09", "path": "about/"}}, {"pk": 2, "model": "proposals.proposalsection", "fields": {"start": null, "section": 2, "end": null, "closed": null, "published": null}}, {"pk": 2, "model": "proposals.proposalkind", "fields": {"section": 2, "name": "talk", "slug": "talk"}}, {"pk": 2, "model": "proposals.proposalsection", "fields": {"start": null, "section": 2, "end": null, "closed": null, "published": null}}, {"pk": 2, "model": "proposals.proposalkind", "fields": {"section": 2, "name": "talk", "slug": "talk"}}, {"pk": 46, "model": "auth.permission", "fields": {"codename": "add_account", "name": "Can add account", "content_type": 16}}, {"pk": 47, "model": "auth.permission", "fields": {"codename": "change_account", "name": "Can change account", "content_type": 16}}, {"pk": 48, "model": "auth.permission", "fields": {"codename": "delete_account", "name": "Can delete account", "content_type": 16}}, {"pk": 61, "model": "auth.permission", "fields": {"codename": "add_accountdeletion", "name": "Can add account deletion", "content_type": 21}}, {"pk": 62, "model": "auth.permission", "fields": {"codename": "change_accountdeletion", "name": "Can change account deletion", "content_type": 21}}, {"pk": 63, "model": "auth.permission", "fields": {"codename": "delete_accountdeletion", "name": "Can delete account deletion", "content_type": 21}}, {"pk": 55, "model": "auth.permission", "fields": {"codename": "add_emailaddress", "name": "Can add email address", "content_type": 19}}, {"pk": 56, "model": "auth.permission", "fields": {"codename": "change_emailaddress", "name": "Can change email address", "content_type": 19}}, {"pk": 57, "model": "auth.permission", "fields": {"codename": "delete_emailaddress", "name": "Can delete email address", "content_type": 19}}, {"pk": 58, "model": "auth.permission", "fields": {"codename": "add_emailconfirmation", "name": "Can add email confirmation", "content_type": 20}}, {"pk": 59, "model": "auth.permission", "fields": {"codename": "change_emailconfirmation", "name": "Can change email confirmation", "content_type": 20}}, {"pk": 60, "model": "auth.permission", "fields": {"codename": "delete_emailconfirmation", "name": "Can delete email confirmation", "content_type": 20}}, {"pk": 49, "model": "auth.permission", "fields": {"codename": "add_signupcode", "name": "Can add signup code", "content_type": 17}}, {"pk": 50, "model": "auth.permission", "fields": {"codename": "change_signupcode", "name": "Can change signup code", "content_type": 17}}, {"pk": 51, "model": "auth.permission", "fields": {"codename": "delete_signupcode", "name": "Can delete signup code", "content_type": 17}}, {"pk": 52, "model": "auth.permission", "fields": {"codename": "add_signupcoderesult", "name": "Can add signup code result", "content_type": 18}}, {"pk": 53, "model": "auth.permission", "fields": {"codename": "change_signupcoderesult", "name": "Can change signup code result", "content_type": 18}}, {"pk": 54, "model": "auth.permission", "fields": {"codename": "delete_signupcoderesult", "name": "Can delete signup code result", "content_type": 18}}, {"pk": 1, "model": "auth.permission", "fields": {"codename": "add_logentry", "name": "Can add log entry", "content_type": 1}}, {"pk": 2, "model": "auth.permission", "fields": {"codename": "change_logentry", "name": "Can change log entry", "content_type": 1}}, {"pk": 3, "model": "auth.permission", "fields": {"codename": "delete_logentry", "name": "Can delete log entry", "content_type": 1}}, {"pk": 7, "model": "auth.permission", "fields": {"codename": "add_group", "name": "Can add group", "content_type": 3}}, {"pk": 8, "model": "auth.permission", "fields": {"codename": "change_group", "name": "Can change group", "content_type": 3}}, {"pk": 9, "model": "auth.permission", "fields": {"codename": "delete_group", "name": "Can delete group", "content_type": 3}}, {"pk": 4, "model": "auth.permission", "fields": {"codename": "add_permission", "name": "Can add permission", "content_type": 2}}, {"pk": 5, "model": "auth.permission", "fields": {"codename": "change_permission", "name": "Can change permission", "content_type": 2}}, {"pk": 6, "model": "auth.permission", "fields": {"codename": "delete_permission", "name": "Can delete permission", "content_type": 2}}, {"pk": 10, "model": "auth.permission", "fields": {"codename": "add_user", "name": "Can add user", "content_type": 4}}, {"pk": 11, "model": "auth.permission", "fields": {"codename": "change_user", "name": "Can change user", "content_type": 4}}, {"pk": 12, "model": "auth.permission", "fields": {"codename": "delete_user", "name": "Can delete user", "content_type": 4}}, {"pk": 91, "model": "auth.permission", "fields": {"codename": "add_box", "name": "Can add box", "content_type": 31}}, {"pk": 92, "model": "auth.permission", "fields": {"codename": "change_box", "name": "Can change box", "content_type": 31}}, {"pk": 93, "model": "auth.permission", "fields": {"codename": "delete_box", "name": "Can delete box", "content_type": 31}}, {"pk": 88, "model": "auth.permission", "fields": {"codename": "add_file", "name": "Can add file", "content_type": 30}}, {"pk": 89, "model": "auth.permission", "fields": {"codename": "change_file", "name": "Can change file", "content_type": 30}}, {"pk": 90, "model": "auth.permission", "fields": {"codename": "delete_file", "name": "Can delete file", "content_type": 30}}, {"pk": 85, "model": "auth.permission", "fields": {"codename": "add_page", "name": "Can add page", "content_type": 29}}, {"pk": 86, "model": "auth.permission", "fields": {"codename": "change_page", "name": "Can change page", "content_type": 29}}, {"pk": 87, "model": "auth.permission", "fields": {"codename": "delete_page", "name": "Can delete page", "content_type": 29}}, {"pk": 79, "model": "auth.permission", "fields": {"codename": "add_conference", "name": "Can add conference", "content_type": 27}}, {"pk": 80, "model": "auth.permission", "fields": {"codename": "change_conference", "name": "Can change conference", "content_type": 27}}, {"pk": 81, "model": "auth.permission", "fields": {"codename": "delete_conference", "name": "Can delete conference", "content_type": 27}}, {"pk": 82, "model": "auth.permission", "fields": {"codename": "add_section", "name": "Can add section", "content_type": 28}}, {"pk": 83, "model": "auth.permission", "fields": {"codename": "change_section", "name": "Can change section", "content_type": 28}}, {"pk": 84, "model": "auth.permission", "fields": {"codename": "delete_section", "name": "Can delete section", "content_type": 28}}, {"pk": 13, "model": "auth.permission", "fields": {"codename": "add_contenttype", "name": "Can add content type", "content_type": 5}}, {"pk": 14, "model": "auth.permission", "fields": {"codename": "change_contenttype", "name": "Can change content type", "content_type": 5}}, {"pk": 15, "model": "auth.permission", "fields": {"codename": "delete_contenttype", "name": "Can delete content type", "content_type": 5}}, {"pk": 34, "model": "auth.permission", "fields": {"codename": "add_source", "name": "Can add source", "content_type": 12}}, {"pk": 35, "model": "auth.permission", "fields": {"codename": "change_source", "name": "Can change source", "content_type": 12}}, {"pk": 36, "model": "auth.permission", "fields": {"codename": "delete_source", "name": "Can delete source", "content_type": 12}}, {"pk": 37, "model": "auth.permission", "fields": {"codename": "add_thumbnail", "name": "Can add thumbnail", "content_type": 13}}, {"pk": 38, "model": "auth.permission", "fields": {"codename": "change_thumbnail", "name": "Can change thumbnail", "content_type": 13}}, {"pk": 39, "model": "auth.permission", "fields": {"codename": "delete_thumbnail", "name": "Can delete thumbnail", "content_type": 13}}, {"pk": 103, "model": "auth.permission", "fields": {"codename": "add_additionalspeaker", "name": "Can add additional speaker", "content_type": 35}}, {"pk": 104, "model": "auth.permission", "fields": {"codename": "change_additionalspeaker", "name": "Can change additional speaker", "content_type": 35}}, {"pk": 105, "model": "auth.permission", "fields": {"codename": "delete_additionalspeaker", "name": "Can delete additional speaker", "content_type": 35}}, {"pk": 100, "model": "auth.permission", "fields": {"codename": "add_proposalbase", "name": "Can add proposal base", "content_type": 34}}, {"pk": 101, "model": "auth.permission", "fields": {"codename": "change_proposalbase", "name": "Can change proposal base", "content_type": 34}}, {"pk": 102, "model": "auth.permission", "fields": {"codename": "delete_proposalbase", "name": "Can delete proposal base", "content_type": 34}}, {"pk": 97, "model": "auth.permission", "fields": {"codename": "add_proposalkind", "name": "Can add proposal kind", "content_type": 33}}, {"pk": 98, "model": "auth.permission", "fields": {"codename": "change_proposalkind", "name": "Can change proposal kind", "content_type": 33}}, {"pk": 99, "model": "auth.permission", "fields": {"codename": "delete_proposalkind", "name": "Can delete proposal kind", "content_type": 33}}, {"pk": 94, "model": "auth.permission", "fields": {"codename": "add_proposalsection", "name": "Can add proposal section", "content_type": 32}}, {"pk": 95, "model": "auth.permission", "fields": {"codename": "change_proposalsection", "name": "Can change proposal section", "content_type": 32}}, {"pk": 96, "model": "auth.permission", "fields": {"codename": "delete_proposalsection", "name": "Can delete proposal section", "content_type": 32}}, {"pk": 106, "model": "auth.permission", "fields": {"codename": "add_supportingdocument", "name": "Can add supporting document", "content_type": 36}}, {"pk": 107, "model": "auth.permission", "fields": {"codename": "change_supportingdocument", "name": "Can change supporting document", "content_type": 36}}, {"pk": 108, "model": "auth.permission", "fields": {"codename": "delete_supportingdocument", "name": "Can delete supporting document", "content_type": 36}}, {"pk": 109, "model": "auth.permission", "fields": {"codename": "add_talkproposal", "name": "Can add talk proposal", "content_type": 37}}, {"pk": 110, "model": "auth.permission", "fields": {"codename": "change_talkproposal", "name": "Can change talk proposal", "content_type": 37}}, {"pk": 111, "model": "auth.permission", "fields": {"codename": "delete_talkproposal", "name": "Can delete talk proposal", "content_type": 37}}, {"pk": 112, "model": "auth.permission", "fields": {"codename": "add_tutorialproposal", "name": "Can add tutorial proposal", "content_type": 38}}, {"pk": 113, "model": "auth.permission", "fields": {"codename": "change_tutorialproposal", "name": "Can change tutorial proposal", "content_type": 38}}, {"pk": 114, "model": "auth.permission", "fields": {"codename": "delete_tutorialproposal", "name": "Can delete tutorial proposal", "content_type": 38}}, {"pk": 28, "model": "auth.permission", "fields": {"codename": "add_revision", "name": "Can add revision", "content_type": 10}}, {"pk": 29, "model": "auth.permission", "fields": {"codename": "change_revision", "name": "Can change revision", "content_type": 10}}, {"pk": 30, "model": "auth.permission", "fields": {"codename": "delete_revision", "name": "Can delete revision", "content_type": 10}}, {"pk": 31, "model": "auth.permission", "fields": {"codename": "add_version", "name": "Can add version", "content_type": 11}}, {"pk": 32, "model": "auth.permission", "fields": {"codename": "change_version", "name": "Can change version", "content_type": 11}}, {"pk": 33, "model": "auth.permission", "fields": {"codename": "delete_version", "name": "Can delete version", "content_type": 11}}, {"pk": 139, "model": "auth.permission", "fields": {"codename": "add_comment", "name": "Can add comment", "content_type": 47}}, {"pk": 140, "model": "auth.permission", "fields": {"codename": "change_comment", "name": "Can change comment", "content_type": 47}}, {"pk": 141, "model": "auth.permission", "fields": {"codename": "delete_comment", "name": "Can delete comment", "content_type": 47}}, {"pk": 133, "model": "auth.permission", "fields": {"codename": "add_latestvote", "name": "Can add latest vote", "content_type": 45}}, {"pk": 134, "model": "auth.permission", "fields": {"codename": "change_latestvote", "name": "Can change latest vote", "content_type": 45}}, {"pk": 135, "model": "auth.permission", "fields": {"codename": "delete_latestvote", "name": "Can delete latest vote", "content_type": 45}}, {"pk": 142, "model": "auth.permission", "fields": {"codename": "add_notificationtemplate", "name": "Can add notification template", "content_type": 48}}, {"pk": 143, "model": "auth.permission", "fields": {"codename": "change_notificationtemplate", "name": "Can change notification template", "content_type": 48}}, {"pk": 144, "model": "auth.permission", "fields": {"codename": "delete_notificationtemplate", "name": "Can delete notification template", "content_type": 48}}, {"pk": 127, "model": "auth.permission", "fields": {"codename": "add_proposalmessage", "name": "Can add proposal message", "content_type": 43}}, {"pk": 128, "model": "auth.permission", "fields": {"codename": "change_proposalmessage", "name": "Can change proposal message", "content_type": 43}}, {"pk": 129, "model": "auth.permission", "fields": {"codename": "delete_proposalmessage", "name": "Can delete proposal message", "content_type": 43}}, {"pk": 136, "model": "auth.permission", "fields": {"codename": "add_proposalresult", "name": "Can add proposal result", "content_type": 46}}, {"pk": 137, "model": "auth.permission", "fields": {"codename": "change_proposalresult", "name": "Can change proposal result", "content_type": 46}}, {"pk": 138, "model": "auth.permission", "fields": {"codename": "delete_proposalresult", "name": "Can delete proposal result", "content_type": 46}}, {"pk": 145, "model": "auth.permission", "fields": {"codename": "add_resultnotification", "name": "Can add result notification", "content_type": 49}}, {"pk": 146, "model": "auth.permission", "fields": {"codename": "change_resultnotification", "name": "Can change result notification", "content_type": 49}}, {"pk": 147, "model": "auth.permission", "fields": {"codename": "delete_resultnotification", "name": "Can delete result notification", "content_type": 49}}, {"pk": 130, "model": "auth.permission", "fields": {"codename": "add_review", "name": "Can add review", "content_type": 44}}, {"pk": 131, "model": "auth.permission", "fields": {"codename": "change_review", "name": "Can change review", "content_type": 44}}, {"pk": 132, "model": "auth.permission", "fields": {"codename": "delete_review", "name": "Can delete review", "content_type": 44}}, {"pk": 124, "model": "auth.permission", "fields": {"codename": "add_reviewassignment", "name": "Can add review assignment", "content_type": 42}}, {"pk": 125, "model": "auth.permission", "fields": {"codename": "change_reviewassignment", "name": "Can change review assignment", "content_type": 42}}, {"pk": 126, "model": "auth.permission", "fields": {"codename": "delete_reviewassignment", "name": "Can delete review assignment", "content_type": 42}}, {"pk": 151, "model": "auth.permission", "fields": {"codename": "add_day", "name": "Can add day", "content_type": 51}}, {"pk": 152, "model": "auth.permission", "fields": {"codename": "change_day", "name": "Can change day", "content_type": 51}}, {"pk": 153, "model": "auth.permission", "fields": {"codename": "delete_day", "name": "Can delete day", "content_type": 51}}, {"pk": 166, "model": "auth.permission", "fields": {"codename": "add_presentation", "name": "Can add presentation", "content_type": 56}}, {"pk": 167, "model": "auth.permission", "fields": {"codename": "change_presentation", "name": "Can change presentation", "content_type": 56}}, {"pk": 168, "model": "auth.permission", "fields": {"codename": "delete_presentation", "name": "Can delete presentation", "content_type": 56}}, {"pk": 154, "model": "auth.permission", "fields": {"codename": "add_room", "name": "Can add room", "content_type": 52}}, {"pk": 155, "model": "auth.permission", "fields": {"codename": "change_room", "name": "Can change room", "content_type": 52}}, {"pk": 156, "model": "auth.permission", "fields": {"codename": "delete_room", "name": "Can delete room", "content_type": 52}}, {"pk": 148, "model": "auth.permission", "fields": {"codename": "add_schedule", "name": "Can add schedule", "content_type": 50}}, {"pk": 149, "model": "auth.permission", "fields": {"codename": "change_schedule", "name": "Can change schedule", "content_type": 50}}, {"pk": 150, "model": "auth.permission", "fields": {"codename": "delete_schedule", "name": "Can delete schedule", "content_type": 50}}, {"pk": 160, "model": "auth.permission", "fields": {"codename": "add_slot", "name": "Can add slot", "content_type": 54}}, {"pk": 161, "model": "auth.permission", "fields": {"codename": "change_slot", "name": "Can change slot", "content_type": 54}}, {"pk": 162, "model": "auth.permission", "fields": {"codename": "delete_slot", "name": "Can delete slot", "content_type": 54}}, {"pk": 157, "model": "auth.permission", "fields": {"codename": "add_slotkind", "name": "Can add slot kind", "content_type": 53}}, {"pk": 158, "model": "auth.permission", "fields": {"codename": "change_slotkind", "name": "Can change slot kind", "content_type": 53}}, {"pk": 159, "model": "auth.permission", "fields": {"codename": "delete_slotkind", "name": "Can delete slot kind", "content_type": 53}}, {"pk": 163, "model": "auth.permission", "fields": {"codename": "add_slotroom", "name": "Can add slot room", "content_type": 55}}, {"pk": 164, "model": "auth.permission", "fields": {"codename": "change_slotroom", "name": "Can change slot room", "content_type": 55}}, {"pk": 165, "model": "auth.permission", "fields": {"codename": "delete_slotroom", "name": "Can delete slot room", "content_type": 55}}, {"pk": 16, "model": "auth.permission", "fields": {"codename": "add_session", "name": "Can add session", "content_type": 6}}, {"pk": 17, "model": "auth.permission", "fields": {"codename": "change_session", "name": "Can change session", "content_type": 6}}, {"pk": 18, "model": "auth.permission", "fields": {"codename": "delete_session", "name": "Can delete session", "content_type": 6}}, {"pk": 19, "model": "auth.permission", "fields": {"codename": "add_site", "name": "Can add site", "content_type": 7}}, {"pk": 20, "model": "auth.permission", "fields": {"codename": "change_site", "name": "Can change site", "content_type": 7}}, {"pk": 21, "model": "auth.permission", "fields": {"codename": "delete_site", "name": "Can delete site", "content_type": 7}}, {"pk": 40, "model": "auth.permission", "fields": {"codename": "add_tree", "name": "Can add Site Tree", "content_type": 14}}, {"pk": 41, "model": "auth.permission", "fields": {"codename": "change_tree", "name": "Can change Site Tree", "content_type": 14}}, {"pk": 42, "model": "auth.permission", "fields": {"codename": "delete_tree", "name": "Can delete Site Tree", "content_type": 14}}, {"pk": 43, "model": "auth.permission", "fields": {"codename": "add_treeitem", "name": "Can add Site Tree Item", "content_type": 15}}, {"pk": 44, "model": "auth.permission", "fields": {"codename": "change_treeitem", "name": "Can change Site Tree Item", "content_type": 15}}, {"pk": 45, "model": "auth.permission", "fields": {"codename": "delete_treeitem", "name": "Can delete Site Tree Item", "content_type": 15}}, {"pk": 115, "model": "auth.permission", "fields": {"codename": "add_speaker", "name": "Can add speaker", "content_type": 39}}, {"pk": 116, "model": "auth.permission", "fields": {"codename": "change_speaker", "name": "Can change speaker", "content_type": 39}}, {"pk": 117, "model": "auth.permission", "fields": {"codename": "delete_speaker", "name": "Can delete speaker", "content_type": 39}}, {"pk": 70, "model": "auth.permission", "fields": {"codename": "add_benefit", "name": "Can add benefit", "content_type": 24}}, {"pk": 71, "model": "auth.permission", "fields": {"codename": "change_benefit", "name": "Can change benefit", "content_type": 24}}, {"pk": 72, "model": "auth.permission", "fields": {"codename": "delete_benefit", "name": "Can delete benefit", "content_type": 24}}, {"pk": 73, "model": "auth.permission", "fields": {"codename": "add_benefitlevel", "name": "Can add benefit level", "content_type": 25}}, {"pk": 74, "model": "auth.permission", "fields": {"codename": "change_benefitlevel", "name": "Can change benefit level", "content_type": 25}}, {"pk": 75, "model": "auth.permission", "fields": {"codename": "delete_benefitlevel", "name": "Can delete benefit level", "content_type": 25}}, {"pk": 67, "model": "auth.permission", "fields": {"codename": "add_sponsor", "name": "Can add sponsor", "content_type": 23}}, {"pk": 68, "model": "auth.permission", "fields": {"codename": "change_sponsor", "name": "Can change sponsor", "content_type": 23}}, {"pk": 69, "model": "auth.permission", "fields": {"codename": "delete_sponsor", "name": "Can delete sponsor", "content_type": 23}}, {"pk": 76, "model": "auth.permission", "fields": {"codename": "add_sponsorbenefit", "name": "Can add sponsor benefit", "content_type": 26}}, {"pk": 77, "model": "auth.permission", "fields": {"codename": "change_sponsorbenefit", "name": "Can change sponsor benefit", "content_type": 26}}, {"pk": 78, "model": "auth.permission", "fields": {"codename": "delete_sponsorbenefit", "name": "Can delete sponsor benefit", "content_type": 26}}, {"pk": 64, "model": "auth.permission", "fields": {"codename": "add_sponsorlevel", "name": "Can add sponsor level", "content_type": 22}}, {"pk": 65, "model": "auth.permission", "fields": {"codename": "change_sponsorlevel", "name": "Can change sponsor level", "content_type": 22}}, {"pk": 66, "model": "auth.permission", "fields": {"codename": "delete_sponsorlevel", "name": "Can delete sponsor level", "content_type": 22}}, {"pk": 22, "model": "auth.permission", "fields": {"codename": "add_tag", "name": "Can add Tag", "content_type": 8}}, {"pk": 23, "model": "auth.permission", "fields": {"codename": "change_tag", "name": "Can change Tag", "content_type": 8}}, {"pk": 24, "model": "auth.permission", "fields": {"codename": "delete_tag", "name": "Can delete Tag", "content_type": 8}}, {"pk": 25, "model": "auth.permission", "fields": {"codename": "add_taggeditem", "name": "Can add Tagged Item", "content_type": 9}}, {"pk": 26, "model": "auth.permission", "fields": {"codename": "change_taggeditem", "name": "Can change Tagged Item", "content_type": 9}}, {"pk": 27, "model": "auth.permission", "fields": {"codename": "delete_taggeditem", "name": "Can delete Tagged Item", "content_type": 9}}, {"pk": 121, "model": "auth.permission", "fields": {"codename": "add_membership", "name": "Can add membership", "content_type": 41}}, {"pk": 122, "model": "auth.permission", "fields": {"codename": "change_membership", "name": "Can change membership", "content_type": 41}}, {"pk": 123, "model": "auth.permission", "fields": {"codename": "delete_membership", "name": "Can delete membership", "content_type": 41}}, {"pk": 118, "model": "auth.permission", "fields": {"codename": "add_team", "name": "Can add team", "content_type": 40}}, {"pk": 119, "model": "auth.permission", "fields": {"codename": "change_team", "name": "Can change team", "content_type": 40}}, {"pk": 120, "model": "auth.permission", "fields": {"codename": "delete_team", "name": "Can delete team", "content_type": 40}}, {"pk": 1, "model": "auth.group", "fields": {"name": "Administrator", "permissions": [46, 47, 48, 61, 62, 63, 55, 56, 57, 58, 59, 60, 49, 50, 51, 52, 53, 54, 1, 2, 3, 7, 8, 9, 4, 5, 6, 10, 11, 12, 91, 92, 93, 88, 89, 90, 85, 86, 87, 79, 80, 81, 82, 83, 84, 13, 14, 15, 34, 35, 36, 37, 38, 39, 103, 104, 105, 100, 101, 102, 97, 98, 99, 94, 95, 96, 106, 107, 108, 109, 110, 111, 112, 113, 114, 28, 29, 30, 31, 32, 33, 139, 140, 141, 133, 134, 135, 142, 143, 144, 127, 128, 129, 136, 137, 138, 145, 146, 147, 130, 131, 132, 124, 125, 126, 151, 152, 153, 166, 167, 168, 154, 155, 156, 148, 149, 150, 160, 161, 162, 157, 158, 159, 163, 164, 165, 16, 17, 18, 19, 20, 21, 40, 41, 42, 43, 44, 45, 115, 116, 117, 70, 71, 72, 73, 74, 75, 67, 68, 69, 76, 77, 78, 64, 65, 66, 22, 23, 24, 25, 26, 27, 121, 122, 123, 118, 119, 120]}}, {"pk": 2, "model": "auth.group", "fields": {"name": "Member", "permissions": [46, 47, 48]}}, {"pk": 3, "model": "auth.user", "fields": {"username": "b8744cadaa956cabf957767e36737", "first_name": "Barbara", "last_name": "Cabral", "is_active": true, "is_superuser": false, "is_staff": false, "last_login": "2013-12-15T12:59:58", "groups": [2], "user_permissions": [], "password": "pbkdf2_sha256$10000$gMBcfpVMqXuU$QkSTu/aCc8sSNt+QhdVhI5DBMR+ZOIhpgF1xnLjDudY=", "email": "barbara@ca.ca", "date_joined": "2013-12-15T12:59:57"}}, {"pk": 1, "model": "auth.user", "fields": {"username": "admin", "first_name": "", "last_name": "", "is_active": true, "is_superuser": true, "is_staff": true, "last_login": "2013-12-15T13:28:56.681", "groups": [1], "user_permissions": [], "password": "pbkdf2_sha256$10000$0SVlvhWAe5pU$HlRfKjKwkMy+KFu+2Dk4Tz29MnGBB/1lk1SuKf+hWVs=", "email": "ca@ca.ca", "date_joined": "2013-12-11T11:39:29"}}, {"pk": 1, "model": "reversion.revision", "fields": {"comment": "Initial version.", "date_created": "2013-12-15T10:38:44.900", "manager_slug": "default", "user": 1}}, {"pk": 2, "model": "reversion.revision", "fields": {"comment": "Initial version.", "date_created": "2013-12-15T10:40:59.934", "manager_slug": "default", "user": 1}}, {"pk": 3, "model": "reversion.revision", "fields": {"comment": "Initial version.", "date_created": "2013-12-15T10:41:38.277", "manager_slug": "default", "user": 1}}, {"pk": 4, "model": "reversion.revision", "fields": {"comment": "", "date_created": "2013-12-15T10:46:31.071", "manager_slug": "default", "user": 1}}, {"pk": 5, "model": "reversion.revision", "fields": {"comment": "", "date_created": "2013-12-15T10:47:48.767", "manager_slug": "default", "user": 1}}, {"pk": 6, "model": "reversion.revision", "fields": {"comment": "", "date_created": "2013-12-15T10:48:06.759", "manager_slug": "default", "user": 1}}, {"pk": 1, "model": "sitetree.treeitem", "fields": {"parent": null, "access_restricted": false, "access_permissions": [], "description": "", "insitetree": true, "hint": "", "url": "cms_page \"about/\"", "inbreadcrumbs": true, "title": "Informa\u00e7\u00f5es", "tree": 1, "access_perm_type": 1, "alias": null, "sort_order": 2, "inmenu": true, "access_loggedin": false, "hidden": false, "urlaspattern": true}}, {"pk": 6, "model": "sitetree.treeitem", "fields": {"parent": 3, "access_restricted": false, "access_permissions": [], "description": "", "insitetree": false, "hint": "", "url": "sponsor_list", "inbreadcrumbs": false, "title": " Sponsors", "tree": 1, "access_perm_type": 1, "alias": null, "sort_order": 5, "inmenu": false, "access_loggedin": false, "hidden": false, "urlaspattern": true}}, {"pk": 5, "model": "sitetree.treeitem", "fields": {"parent": 3, "access_restricted": false, "access_permissions": [], "description": "", "insitetree": false, "hint": "", "url": "sponsor_apply", "inbreadcrumbs": false, "title": "Apply to be a Sponsor", "tree": 1, "access_perm_type": 1, "alias": null, "sort_order": 6, "inmenu": false, "access_loggedin": false, "hidden": false, "urlaspattern": true}}, {"pk": 3, "model": "sitetree.treeitem", "fields": {"parent": null, "access_restricted": false, "access_permissions": [], "description": "", "insitetree": false, "hint": "", "url": "#", "inbreadcrumbs": false, "title": "Sponsors", "tree": 1, "access_perm_type": 1, "alias": null, "sort_order": 7, "inmenu": false, "access_loggedin": false, "hidden": false, "urlaspattern": false}}, {"pk": 7, "model": "sitetree.treeitem", "fields": {"parent": null, "access_restricted": false, "access_permissions": [], "description": "", "insitetree": true, "hint": "", "url": "cms_page \"organization/\"", "inbreadcrumbs": true, "title": "Organiza\u00e7\u00e3o", "tree": 1, "access_perm_type": 1, "alias": null, "sort_order": 3, "inmenu": true, "access_loggedin": false, "hidden": false, "urlaspattern": true}}, {"pk": 2, "model": "sitetree.treeitem", "fields": {"parent": null, "access_restricted": false, "access_permissions": [], "description": "", "insitetree": true, "hint": "", "url": "cms_page \"venue/\"", "inbreadcrumbs": true, "title": "Programa\u00e7\u00e3o", "tree": 1, "access_perm_type": 1, "alias": null, "sort_order": 4, "inmenu": true, "access_loggedin": false, "hidden": false, "urlaspattern": true}}, {"pk": 4, "model": "sitetree.treeitem", "fields": {"parent": null, "access_restricted": false, "access_permissions": [], "description": "", "insitetree": true, "hint": "", "url": "home", "inbreadcrumbs": true, "title": "In\u00edcio", "tree": 1, "access_perm_type": 1, "alias": null, "sort_order": 1, "inmenu": true, "access_loggedin": false, "hidden": false, "urlaspattern": true}}, {"pk": 1, "model": "account.account", "fields": {"timezone": "America/Recife", "user": 1, "language": "pt-br"}}, {"pk": 3, "model": "account.account", "fields": {"timezone": "America/Recife", "user": 3, "language": "pt-br"}}, {"pk": 1, "model": "account.emailaddress", "fields": {"verified": false, "user": 1, "primary": true, "email": "ca@ca.ca"}}, {"pk": 3, "model": "account.emailaddress", "fields": {"verified": true, "user": 3, "primary": true, "email": "barbara@ca.ca"}}, {"pk": 1, "model": "boxes.box", "fields": {"content": "![congrefor](http://www.congrefor2011.univasf.edu.br/imagens/congrefor2011.png \"congrefor\")\r\n\r\n**O I Congresso Norte-Nordeste/II do Vale do S\u00e3o Francisco de Forma\u00e7\u00e3o para o SUS \u2013 CONGREFOR**  ser\u00e1 realizado no per\u00edodo de 12 a 14 de fevereiro de 2014, no Complexo Multieventos da Universidade Federal do Vale do S\u00e3o Francisco (Univasf), Campus de Juazeiro-BA.\r\n\r\nSendo um desdobramento do I Congrefor, ocorrido em 2011, a realiza\u00e7\u00e3o do evento brota do compromisso \u00e9tico-pol\u00edtico de constituir espa\u00e7os democr\u00e1ticos para a discuss\u00e3o em torno da **Forma\u00e7\u00e3o para o SUS**, que segue se caracterizando como um dos maiores desafios para a sustenta\u00e7\u00e3o e consolida\u00e7\u00e3o do nosso sistema de sa\u00fade. Tais debates ocorrer\u00e3o em meio a um cen\u00e1rio pol\u00edtico-ideol\u00f3gico delicado, em que vemos o SUS amea\u00e7ado, sendo fundamental manter vivo o processo de defesa de seu car\u00e1ter p\u00fablico, universal, integral e dependente da participa\u00e7\u00e3o social.\r\n\r\nPara a realiza\u00e7\u00e3o do II Congrefor, estamos experimentando p\u00f4r em ato uma conex\u00e3o Norte-Nordeste, visando extrapolar efetivamente as fronteiras do Vale do Subm\u00e9dio S\u00e3o Francisco, aspira\u00e7\u00e3o j\u00e1 sinalizada em 2011. Participando de eventos promovidos pela Secretaria de Gest\u00e3o do Trabalho e da Educa\u00e7\u00e3o na Sa\u00fade \u2013 SGTES (MS), em torno do dispositivo PET-Sa\u00fade, percebemos um desejo partilhado de ampliar as oportunidades para trocar experi\u00eancias e fortalecer esse movimento em defesa do SUS pela via da Forma\u00e7\u00e3o.\r\n\r\nParticularmente na Oficina promovida pelo _F\u00f3rum Nacional de Educa\u00e7\u00e3o das Profiss\u00f5es na \u00c1rea da Sa\u00fade_ (FNEPAS), em agosto de 2013, levamos a proposta de realizar o II Congrefor respaldando-o numa articula\u00e7\u00e3o N-NE de atores envolvidos com dispositivos de Forma\u00e7\u00e3o para o SUS. A ideia foi bem recebida e, assim, aqui chegamos!\r\n\r\nDesse modo, este evento est\u00e1 em constru\u00e7\u00e3o, contando com uma rede colaborativa e solid\u00e1ria de v\u00e1rios companheir@s dessas regi\u00f5es: ou seja, sua elabora\u00e7\u00e3o est\u00e1 implicando uma tessitura coletiva, a partir de uma aposta na import\u00e2ncia dos espa\u00e7os coletivos para trocas, aprendizagem e cria\u00e7\u00e3o. Como tema central do evento, elegemos o seguinte mote: **Forma\u00e7\u00e3o cr\u00edtico-reflexiva para o trabalho no SUS: experi\u00eancias e desafios para a produ\u00e7\u00e3o coletiva.**\r\n\r\nO evento \u00e9 de todos n\u00f3s, inclusive seu, que agora l\u00ea este breve texto de apresenta\u00e7\u00e3o. Sentindo-se identificado com essa tem\u00e1tica e compreendendo que essas discuss\u00f5es s\u00e3o pertinentes para que sigamos na consolida\u00e7\u00e3o do SUS que queremos e que acreditamos dar certo, saiba que j\u00e1 faz parte desse cord\u00e3o! Participe e contribua para o enriquecimento dos debates, enviando resumo de trabalhos de ensino, extens\u00e3o, pesquisa ou experi\u00eancias outras que indiquem modos poss\u00edveis de levar adiante essa constru\u00e7\u00e3o (**saiba mais**).\r\n\r\nQueremos garantir, na configura\u00e7\u00e3o do Congrefor, a oportunidade de rodas e conversas genu\u00ednas, que promovam efetivamente a circula\u00e7\u00e3o de saberes e fazeres relacionados \u00e0 Forma\u00e7\u00e3o para o SUS. Al\u00e9m das sess\u00f5es em que os trabalhos ser\u00e3o partilhados, contaremos com uma programa\u00e7\u00e3o diversificada, composta por Grande Rodas (Debates Gerais), Cirandas de Integralidades (Debates Tem\u00e1ticos Espec\u00edficos) e outros espa\u00e7os de discuss\u00e3o e partilha que est\u00e3o sendo delineados. O Congrefor estar\u00e1 aberto para associa\u00e7\u00e3o de eventos afins, que certamente potencializar\u00e3o o encontro, como o **II Simp\u00f3sio das Resid\u00eancias em Sa\u00fade do Vale do S\u00e3o Francisco.**\r\n\r\nComo o site estar\u00e1 em permanente constru\u00e7\u00e3o \u2013 acompanhando o desenrolar de prepara\u00e7\u00e3o e realiza\u00e7\u00e3o do Congrefor \u2013 adicionaremos, aqui, as novidades at\u00e9 o dia de nosso encontro.\r\n\r\nSejam tod@s muito bem-vindos ao Sert\u00e3o, aos encontros e at\u00e9 breve!", "last_updated_by": 1, "_content_rendered": "<p><img src=\"http://www.congrefor2011.univasf.edu.br/imagens/congrefor2011.png\" alt=\"congrefor\" title=\"congrefor\"/></p>\n<p><strong>O I Congresso Norte-Nordeste/II do Vale do S\u00e3o Francisco de Forma\u00e7\u00e3o para o SUS \u2013 CONGREFOR</strong>  ser\u00e1 realizado no per\u00edodo de 12 a 14 de fevereiro de 2014, no Complexo Multieventos da Universidade Federal do Vale do S\u00e3o Francisco (Univasf), Campus de Juazeiro-BA.</p>\n<p>Sendo um desdobramento do I Congrefor, ocorrido em 2011, a realiza\u00e7\u00e3o do evento brota do compromisso \u00e9tico-pol\u00edtico de constituir espa\u00e7os democr\u00e1ticos para a discuss\u00e3o em torno da <strong>Forma\u00e7\u00e3o para o SUS</strong>, que segue se caracterizando como um dos maiores desafios para a sustenta\u00e7\u00e3o e consolida\u00e7\u00e3o do nosso sistema de sa\u00fade. Tais debates ocorrer\u00e3o em meio a um cen\u00e1rio pol\u00edtico-ideol\u00f3gico delicado, em que vemos o SUS amea\u00e7ado, sendo fundamental manter vivo o processo de defesa de seu car\u00e1ter p\u00fablico, universal, integral e dependente da participa\u00e7\u00e3o social.</p>\n<p>Para a realiza\u00e7\u00e3o do II Congrefor, estamos experimentando p\u00f4r em ato uma conex\u00e3o Norte-Nordeste, visando extrapolar efetivamente as fronteiras do Vale do Subm\u00e9dio S\u00e3o Francisco, aspira\u00e7\u00e3o j\u00e1 sinalizada em 2011. Participando de eventos promovidos pela Secretaria de Gest\u00e3o do Trabalho e da Educa\u00e7\u00e3o na Sa\u00fade \u2013 SGTES (MS), em torno do dispositivo PET-Sa\u00fade, percebemos um desejo partilhado de ampliar as oportunidades para trocar experi\u00eancias e fortalecer esse movimento em defesa do SUS pela via da Forma\u00e7\u00e3o.</p>\n<p>Particularmente na Oficina promovida pelo <em>F\u00f3rum Nacional de Educa\u00e7\u00e3o das Profiss\u00f5es na \u00c1rea da Sa\u00fade</em> (FNEPAS), em agosto de 2013, levamos a proposta de realizar o II Congrefor respaldando-o numa articula\u00e7\u00e3o N-NE de atores envolvidos com dispositivos de Forma\u00e7\u00e3o para o SUS. A ideia foi bem recebida e, assim, aqui chegamos!</p>\n<p>Desse modo, este evento est\u00e1 em constru\u00e7\u00e3o, contando com uma rede colaborativa e solid\u00e1ria de v\u00e1rios companheir@s dessas regi\u00f5es: ou seja, sua elabora\u00e7\u00e3o est\u00e1 implicando uma tessitura coletiva, a partir de uma aposta na import\u00e2ncia dos espa\u00e7os coletivos para trocas, aprendizagem e cria\u00e7\u00e3o. Como tema central do evento, elegemos o seguinte mote: <strong>Forma\u00e7\u00e3o cr\u00edtico-reflexiva para o trabalho no SUS: experi\u00eancias e desafios para a produ\u00e7\u00e3o coletiva.</strong></p>\n<p>O evento \u00e9 de todos n\u00f3s, inclusive seu, que agora l\u00ea este breve texto de apresenta\u00e7\u00e3o. Sentindo-se identificado com essa tem\u00e1tica e compreendendo que essas discuss\u00f5es s\u00e3o pertinentes para que sigamos na consolida\u00e7\u00e3o do SUS que queremos e que acreditamos dar certo, saiba que j\u00e1 faz parte desse cord\u00e3o! Participe e contribua para o enriquecimento dos debates, enviando resumo de trabalhos de ensino, extens\u00e3o, pesquisa ou experi\u00eancias outras que indiquem modos poss\u00edveis de levar adiante essa constru\u00e7\u00e3o (<strong>saiba mais</strong>).</p>\n<p>Queremos garantir, na configura\u00e7\u00e3o do Congrefor, a oportunidade de rodas e conversas genu\u00ednas, que promovam efetivamente a circula\u00e7\u00e3o de saberes e fazeres relacionados \u00e0 Forma\u00e7\u00e3o para o SUS. Al\u00e9m das sess\u00f5es em que os trabalhos ser\u00e3o partilhados, contaremos com uma programa\u00e7\u00e3o diversificada, composta por Grande Rodas (Debates Gerais), Cirandas de Integralidades (Debates Tem\u00e1ticos Espec\u00edficos) e outros espa\u00e7os de discuss\u00e3o e partilha que est\u00e3o sendo delineados. O Congrefor estar\u00e1 aberto para associa\u00e7\u00e3o de eventos afins, que certamente potencializar\u00e3o o encontro, como o <strong>II Simp\u00f3sio das Resid\u00eancias em Sa\u00fade do Vale do S\u00e3o Francisco.</strong></p>\n<p>Como o site estar\u00e1 em permanente constru\u00e7\u00e3o \u2013 acompanhando o desenrolar de prepara\u00e7\u00e3o e realiza\u00e7\u00e3o do Congrefor \u2013 adicionaremos, aqui, as novidades at\u00e9 o dia de nosso encontro.</p>\n<p>Sejam tod@s muito bem-vindos ao Sert\u00e3o, aos encontros e at\u00e9 breve!</p>", "created_by": 1, "label": "homepage"}}, {"pk": 23, "model": "admin.logentry", "fields": {"action_flag": 2, "action_time": "2013-12-15T13:32:40.317", "object_repr": "b8744cadaa956cabf957767e36737", "object_id": "3", "change_message": "Modificado timezone e language.", "user": 1, "content_type": 16}}, {"pk": 22, "model": "admin.logentry", "fields": {"action_flag": 2, "action_time": "2013-12-15T13:31:37.740", "object_repr": "II CONGREFOR Apresenta\u00e7\u00f5es Orais", "object_id": "2", "change_message": "Modificado start_date e end_date.", "user": 1, "content_type": 28}}, {"pk": 21, "model": "admin.logentry", "fields": {"action_flag": 2, "action_time": "2013-12-15T13:31:09.991", "object_repr": "II CONGREFOR Apresenta\u00e7\u00f5es Orais", "object_id": "2", "change_message": "Modificado name.", "user": 1, "content_type": 28}}, {"pk": 20, "model": "admin.logentry", "fields": {"action_flag": 3, "action_time": "2013-12-15T13:29:59.171", "object_repr": "II CONGREFOR Tutorials", "object_id": "1", "change_message": "", "user": 1, "content_type": 28}}, {"pk": 19, "model": "admin.logentry", "fields": {"action_flag": 2, "action_time": "2013-12-15T13:23:03.998", "object_repr": "II CONGREFOR", "object_id": "1", "change_message": "Modificado title, start_date, end_date e timezone.", "user": 1, "content_type": 27}}, {"pk": 18, "model": "admin.logentry", "fields": {"action_flag": 2, "action_time": "2013-12-15T13:08:16.751", "object_repr": "b8744cadaa956cabf957767e36737", "object_id": "3", "change_message": "Modificado password, groups, last_login e date_joined.", "user": 1, "content_type": 4}}, {"pk": 17, "model": "admin.logentry", "fields": {"action_flag": 2, "action_time": "2013-12-15T12:52:25.031", "object_repr": "admin", "object_id": "1", "change_message": "Modificado password.", "user": 1, "content_type": 4}}, {"pk": 16, "model": "admin.logentry", "fields": {"action_flag": 1, "action_time": "2013-12-15T12:52:15.407", "object_repr": "Member", "object_id": "2", "change_message": "", "user": 1, "content_type": 3}}, {"pk": 15, "model": "admin.logentry", "fields": {"action_flag": 2, "action_time": "2013-12-15T12:51:18.647", "object_repr": "admin", "object_id": "1", "change_message": "Modificado password e groups.", "user": 1, "content_type": 4}}, {"pk": 14, "model": "admin.logentry", "fields": {"action_flag": 1, "action_time": "2013-12-15T12:50:39.213", "object_repr": "Administrator", "object_id": "1", "change_message": "", "user": 1, "content_type": 3}}, {"pk": 13, "model": "admin.logentry", "fields": {"action_flag": 2, "action_time": "2013-12-15T10:45:45.514", "object_repr": "In\u00edcio", "object_id": "4", "change_message": "Modificado title.", "user": 1, "content_type": 15}}, {"pk": 12, "model": "admin.logentry", "fields": {"action_flag": 1, "action_time": "2013-12-15T10:45:20.589", "object_repr": "Organiza\u00e7\u00e3o", "object_id": "7", "change_message": "", "user": 1, "content_type": 15}}, {"pk": 11, "model": "admin.logentry", "fields": {"action_flag": 2, "action_time": "2013-12-15T10:44:32.009", "object_repr": "Programa\u00e7\u00e3o", "object_id": "2", "change_message": "Modificado title.", "user": 1, "content_type": 15}}, {"pk": 10, "model": "admin.logentry", "fields": {"action_flag": 2, "action_time": "2013-12-15T10:44:10.956", "object_repr": "Apply to be a Sponsor", "object_id": "5", "change_message": "Modificado inmenu, inbreadcrumbs e insitetree.", "user": 1, "content_type": 15}}, {"pk": 9, "model": "admin.logentry", "fields": {"action_flag": 2, "action_time": "2013-12-15T10:43:54.142", "object_repr": " Sponsors", "object_id": "6", "change_message": "Modificado inmenu, inbreadcrumbs e insitetree.", "user": 1, "content_type": 15}}, {"pk": 8, "model": "admin.logentry", "fields": {"action_flag": 2, "action_time": "2013-12-15T10:43:41.341", "object_repr": "Sponsors", "object_id": "3", "change_message": "Modificado hidden.", "user": 1, "content_type": 15}}, {"pk": 7, "model": "admin.logentry", "fields": {"action_flag": 2, "action_time": "2013-12-15T10:43:25.259", "object_repr": "Sponsors", "object_id": "3", "change_message": "Modificado hidden, inmenu, inbreadcrumbs e insitetree.", "user": 1, "content_type": 15}}, {"pk": 6, "model": "admin.logentry", "fields": {"action_flag": 2, "action_time": "2013-12-15T10:42:54.626", "object_repr": "Informa\u00e7\u00f5es", "object_id": "1", "change_message": "Modificado title.", "user": 1, "content_type": 15}}, {"pk": 5, "model": "admin.logentry", "fields": {"action_flag": 1, "action_time": "2013-12-15T10:41:38.269", "object_repr": "Informa\u00e7\u00f5es", "object_id": "3", "change_message": "", "user": 1, "content_type": 29}}, {"pk": 4, "model": "admin.logentry", "fields": {"action_flag": 1, "action_time": "2013-12-15T10:40:59.925", "object_repr": "Programa\u00e7\u00e3o", "object_id": "2", "change_message": "", "user": 1, "content_type": 29}}, {"pk": 3, "model": "admin.logentry", "fields": {"action_flag": 1, "action_time": "2013-12-15T10:38:44.889", "object_repr": "Organiza\u00e7\u00e3o", "object_id": "1", "change_message": "", "user": 1, "content_type": 29}}, {"pk": 2, "model": "admin.logentry", "fields": {"action_flag": 2, "action_time": "2013-12-15T10:37:23.944", "object_repr": "localhost", "object_id": "1", "change_message": "Modificado name.", "user": 1, "content_type": 7}}, {"pk": 1, "model": "admin.logentry", "fields": {"action_flag": 2, "action_time": "2013-12-15T10:37:11.941", "object_repr": "congrefor.univasf.edu.br", "object_id": "2", "change_message": "Modificado domain e name.", "user": 1, "content_type": 7}}]